user_id,name,age,location,subscription_type
1,Daniel Bush,35,South Marie,Free
2,Dean Jones,43,Port Megan,Free
3,Angela Holder,57,Port Jeffreyside,Premium
4,Jill George,72,North Courtneymouth,Free
5,Melody Anderson,32,Coleton,Free
6,Monica Franco,52,South Ericashire,Premium
7,Kathryn Mcdonald,20,North Mikemouth,Free
8,John Huff,65,North Donald,Free
9,Tracy Steele,77,Michelleshire,Free
10,Ms. Michelle Sullivan,64,Margaretbury,Premium
11,Jennifer Rodriguez,53,New Gabriela,Premium
12,Daniel Parks,80,Guzmantown,Free
13,Brent Griffin,60,Saundersview,Premium
14,Daniel Johnson,76,East Elizabeth,Free
15,Richard Davis,52,Carrfurt,Free
16,Rachel Taylor,67,Lake Anthony,Free
17,Nicole Rogers,33,New Richard,Free
18,James Smith,68,North Adam,Free
19,Debra Carter,20,Lake Kathy,Premium
20,Guy Becker,64,Tracychester,Free
21,Paul Nelson,61,Lake Adam,Free
22,Suzanne Willis,30,Pottsshire,Premium
23,Sarah Novak,37,Kerrtown,Free
24,Matthew Martin,69,West Erikaport,Free
25,Robert Gonzalez,57,West Peterhaven,Premium
26,Michael Braun,26,South Josebury,Free
27,Chris Foster,28,East Sarah,Free
28,Anna Higgins,24,Port Tammy,Premium
29,Denise Carter,19,East Brendaview,Premium
30,Sheila Young,48,Ashleyshire,Free
31,Heidi Atkinson,36,Reginaview,Free
32,Adam Riley,52,Marissashire,Free
33,Brian Walker,30,Pearsonview,Free
34,Michael Raymond,18,Hornshire,Free
35,Vincent Benson,44,Kathrynbury,Free
36,Christina Powers,42,Davistown,Free
37,Ashley Lutz,38,Lake Jeffreyshire,Free
38,Brenda Smith,18,North Christopherberg,Free
39,James Gallagher,77,Donnaport,Premium
40,Kelsey Gallagher,21,North Janicestad,Free
41,Jaclyn Dean,26,Richardsonmouth,Premium
42,Nicholas Jones,28,Amandaton,Free
43,Crystal Wallace,62,East Ginaton,Free
44,Robert Jones,32,East Robertton,Free
45,Jennifer Rogers,66,Williamland,Premium
46,Tanya Williams,35,East Tarabury,Premium
47,Donna Parker,62,Julieton,Premium
48,Scott Thomas,55,Johnsonmouth,Premium
49,Maria Walton,64,North Carolburgh,Premium
50,Kellie Ramsey,53,Lake Courtneyborough,Free
51,Michael Knight,24,South Paul,Premium
52,John Miller,78,Ryanville,Premium
53,James Weiss,37,Martinezburgh,Premium
54,Jessica Thompson,26,Jameston,Free
55,Philip Castillo,29,South Lori,Premium
56,Cynthia Long,75,Edwardschester,Free
57,Alejandro Martinez DDS,28,West Stacie,Premium
58,Stephen White,69,Sarahton,Premium
59,Matthew Carroll,76,Nicoleport,Premium
60,Virginia Wolf,20,New Joseph,Premium
61,George Gonzales,19,Lake Brentton,Premium
62,Ashley Eaton,74,Lake Trevor,Premium
63,Justin Ellis,33,Jenniferborough,Premium
64,Cody Miller,71,Lake Chelsea,Premium
65,Richard Deleon,27,Everettville,Free
66,Carl Martin,79,Kelleyview,Premium
67,Carla Mendoza,57,Ronaldfort,Premium
68,Nathan Snyder,31,West Garyport,Premium
69,Susan Contreras,63,Brittanychester,Premium
70,Dennis Harrison,64,Leeberg,Premium
71,Jordan Hall DDS,22,Brittanyborough,Free
72,Karen Moyer,68,South Karen,Free
73,Eric Stewart,69,Moorefort,Premium
74,Glenn Davis,45,West Paulshire,Free
75,William Gregory,47,Robertville,Premium
76,Kenneth Blevins,40,Reneeside,Free
77,Katherine Armstrong,44,Lauraview,Free
78,Christina Bowen,37,Port Jenniferbury,Free
79,Hannah Williams,19,West Sandra,Free
80,Alexis Murphy,59,Russellstad,Premium
81,Mary Chandler,54,Yorkmouth,Free
82,Thomas Jackson,61,Port Michaelfort,Free
83,Terry Ball,47,Frankside,Free
84,Eugene Allen,47,Russellchester,Free
85,Shannon Rodriguez,33,North Shanebury,Premium
86,Luke Salazar,18,Mcphersonburgh,Free
87,Melissa Miller,28,West Arthur,Premium
88,Brooke Perez,67,Smithfurt,Premium
89,Brandon Hall,46,Smithville,Premium
90,Carl Hurst,30,Kathrynland,Free
91,Karen Sims,38,Port Toddmouth,Free
92,Joseph Phelps,44,Andersonmouth,Premium
93,John Clay,46,Webstermouth,Free
94,Grace Warner,65,Hillfort,Premium
95,Connor Hayes,41,West Markborough,Premium
96,Jeffery Silva,55,Michelestad,Free
97,Tami Skinner,60,Thompsonburgh,Premium
98,Douglas Cooper,58,North Brianbury,Premium
99,Nancy Singh,75,Lake Caroline,Free
100,Megan Medina,34,Port Michaelland,Free
101,Daniel Smith,60,Cindyfort,Premium
102,Mrs. Mary Blair,43,Micheleshire,Premium
103,Douglas Mccarthy,25,South Wayneview,Premium
104,Richard Taylor,35,Bridgetview,Premium
105,Heidi Smith,53,Cunninghamland,Free
106,Jason Miller,57,North Samuel,Free
107,Sarah Bryan,62,East Cody,Premium
108,Dakota Lucas,80,South Shellymouth,Premium
325,Mark Foster,65,Laurenfort,Premium
109,Tammy Stewart,76,North Joshuafurt,Premium
110,Michele King,66,South Michaelberg,Premium
111,Robert Watkins,19,Ballport,Free
112,Mr. Garrett Rodriguez,40,Barnesmouth,Free
113,Timothy Montgomery,41,North Kevin,Premium
114,Steven Gonzalez,51,Martinezmouth,Free
115,Samuel Black,69,Shaneborough,Free
116,Kyle Erickson,79,New Isaiah,Free
117,Alicia Chambers,45,Scottfurt,Free
118,Shawn Hendricks DDS,72,West Jeffrey,Free
119,Mark Martin,56,Lauramouth,Premium
120,Samantha Johnson,55,Tracystad,Free
121,Robert French,77,Johnsonstad,Free
122,Tonya Velazquez,69,Mayhaven,Free
123,Teresa Duffy,21,West Nicolemouth,Free
124,Kristy Beasley,47,Deniseberg,Premium
125,Chelsea Black,26,West Alexandratown,Free
126,Cynthia Evans,25,New Dana,Free
127,Regina Rivera,78,Hernandezland,Free
128,Wendy Smith,80,North Paul,Free
129,Mark Parker,69,Wandaside,Premium
130,Richard Cummings,63,South Steven,Premium
131,Barry Bell,54,Lake Kimberlyfort,Premium
132,Billy Webb,27,New Michaelstad,Free
133,Darrell Wilson,25,Millerchester,Free
134,Danny Vargas,42,Weavermouth,Premium
135,Veronica Werner,58,Wintersmouth,Premium
136,Joseph Mueller,36,Nicoleport,Premium
137,Austin Wilkins,46,Christopherville,Free
138,David Wong,67,West Angelashire,Premium
139,Brian Herrera,28,South Garymouth,Premium
140,Hector Bowers,44,Johnsontown,Premium
141,Chelsea Jones,68,East Norman,Premium
142,Angel Henry,64,East Nancyport,Premium
143,Antonio Walker,47,North Karen,Free
144,Jamie Robles,18,Lake Timothytown,Free
145,April Contreras,54,Nicholsburgh,Free
146,Cassandra Bernard,36,Lake Cassandramouth,Premium
147,Randall Howard,66,Aaronton,Premium
148,Darrell Mccoy,74,East Adam,Free
149,Tyler Hunter,38,South Valerieland,Premium
150,Brittany Rivas,26,New Kathleen,Premium
151,Alexander Henderson,72,Kathyland,Premium
152,Thomas Todd,43,Josephside,Free
153,Lauren Smith,79,East Annaton,Premium
154,John Morse,76,Lake Nancyton,Free
155,Stephanie Mendoza,24,North Rebeccastad,Premium
156,Teresa Peterson,60,Susanmouth,Free
157,Steven Kelly,47,Ryanfort,Free
158,Leslie Graham,50,Danielbury,Free
159,Kathy Jones,79,Stephensmouth,Free
160,Heidi Chen,73,Fostermouth,Premium
161,Olivia Munoz,27,South Natalieport,Free
162,Jessica King,61,South Melissa,Free
163,Brett Flores,28,East Rachel,Free
164,Jose Douglas,68,Ramirezborough,Premium
165,Carol Bryant,76,West Julie,Free
166,Dwayne Cooke,55,New Tylerbury,Premium
167,Jacob Beard,44,North Rebeccastad,Premium
168,Alicia Wilson,23,North Colleenberg,Premium
169,Janet Willis,35,Paulborough,Free
170,Patricia White,55,Alicetown,Premium
171,Gary Wilson,44,Boothfort,Premium
172,Jennifer Miller,66,Michelestad,Free
173,Marie Gallegos,69,Lake Stevenburgh,Free
174,Nicholas Willis,40,New Davidview,Premium
175,Robert Phillips,37,South Jamie,Premium
176,Aaron Ross,71,Kimberlyhaven,Free
177,Timothy Thompson,26,Sanchezstad,Premium
178,Megan Villa,62,New Melinda,Premium
179,Brenda Newman,24,Christinechester,Premium
180,Erin Lawson,29,East Jennifer,Free
181,Donald Nichols,24,New Kylechester,Free
182,Leslie Gray,51,West Kathleen,Free
183,Amanda Murray,32,Reyesmouth,Free
184,Matthew Barrett,31,Hallstad,Premium
185,Jennifer Morgan,59,Janetville,Premium
186,Maria Hardy,31,South Patriciaport,Premium
187,Jennifer Murray,72,East Kevinview,Premium
188,Thomas Choi,27,Robertville,Premium
189,Nicole Roberts,68,North Robertville,Premium
190,Jesse Clay,69,Chambersville,Free
191,Ricardo Ortiz,78,Lake Matthew,Premium
192,Richard Gonzalez,45,Williamsview,Premium
193,Matthew Cox,62,Martinview,Free
194,Edward Diaz,48,Port Craig,Free
195,Andrew Barton,35,Deanstad,Premium
196,Lisa Reilly,30,Port Jack,Free
197,Robert Whitaker,41,East Samanthaside,Free
198,Tara Christensen,65,North Katherine,Premium
199,Nicole Johnson,26,North Brittany,Free
200,Benjamin Smith,58,Karaville,Free
201,Cheryl Stuart,52,Lauraton,Free
202,Steve Myers,60,South Ericaville,Free
203,Jesus Lane,77,East Keithview,Free
204,Raymond Miller,69,Lindseyview,Free
205,Kelly Joseph,51,West Jeffreyview,Free
206,Fred Espinoza,43,South Mariabury,Premium
207,Daniel Rosales,53,Port Kayla,Premium
208,Alex Wade,36,East Alan,Premium
209,Carolyn Mercado,18,Reidtown,Premium
210,Anthony Scott,40,South Juanport,Premium
211,Veronica Walker,72,Coxfurt,Premium
212,Margaret Cruz,77,Brianland,Premium
213,Derek Sweeney,28,West Jeffrey,Premium
214,Amy Mcclure,25,Port Cindystad,Premium
215,Kayla Porter,32,Barnettmouth,Free
216,Robin Cline,53,South Christinestad,Free
217,Amanda Smith,53,Samanthaview,Free
218,Amanda Brown,75,New Mark,Premium
219,Henry Mann,53,Underwoodton,Premium
220,Carmen Stone MD,64,Emilymouth,Free
221,Albert Valencia,62,Patriciastad,Premium
222,Kimberly Joyce,73,West Arielbury,Free
223,Angela Conley,35,Wilsonstad,Premium
224,Kimberly Miller,19,North Robert,Premium
225,Luke Smith,49,South Johnside,Premium
226,George Fritz,49,Lopezmouth,Premium
227,Paula Mathews,19,Jillchester,Free
228,John Ortega,63,Bretthaven,Premium
229,Carl Taylor,31,Vaughnside,Free
230,Lynn Gardner,33,New Brittney,Premium
231,Michael Brown,52,Riggsmouth,Premium
232,Elizabeth Sandoval,59,Patrickmouth,Premium
233,Lisa Harrison,25,Seanland,Premium
234,Jason Roberson,45,Port Daniellefurt,Free
235,Kim Grant,56,South Brittany,Free
236,Christina Spence,73,New Adam,Premium
237,Barbara Hansen,59,Lauraborough,Free
238,Michael Joseph,31,Michaelmouth,Free
239,Robert Barker,29,Lake Michaelland,Free
240,Holly Harper,79,West Rodney,Premium
241,Heather Ramirez,73,North Mariashire,Free
242,Jesse Wiley,53,Leonardshire,Free
243,Scott Nichols MD,52,Cisnerosmouth,Premium
244,Ralph Valdez,60,East Heather,Premium
245,Rose Arnold,38,New Danielle,Premium
246,Jeffrey Ware,68,Adrianville,Free
247,Holly Johnson,78,New Laura,Premium
248,Randy Williams,54,New Todd,Premium
249,Michael Castillo,80,Trujilloshire,Premium
250,Kristy Velazquez,35,South Danielle,Free
251,Brandon Taylor,24,South Victoria,Free
252,Rebecca Santiago,62,Smithstad,Free
253,Patricia Alvarado,79,Kingside,Free
254,Julie Taylor,23,New Jeffrey,Free
255,Rodney Flores,54,Karenshire,Free
256,Morgan Cunningham,68,South Donnaberg,Free
257,Johnny Medina,60,Port Eric,Premium
258,Carlos Brennan,34,East Elizabethside,Premium
259,Jeffrey Williams,48,North Richardtown,Premium
260,Jeffrey Bowman,76,Thomastown,Free
261,Danielle Summers,20,Garychester,Free
262,Paul Gallegos,72,Alexandraport,Free
263,Joshua Kelly,36,New Elizabethmouth,Free
264,Jimmy Barron,34,Lake Erica,Premium
265,Andrew Armstrong,57,Jaimehaven,Free
266,Scott Miller,29,Lake Johnfurt,Free
267,Brandy Moore,53,New Rita,Premium
268,Timothy Johnston,66,Thomasbury,Free
269,Nichole Woods,36,Harringtonchester,Premium
270,Daniel Montoya,54,West Crystalstad,Free
271,Tina Ellis,19,South Stacey,Free
272,Jesse Anderson,63,Youngtown,Premium
273,Jacqueline Foster,56,Port Dennis,Free
274,Vanessa Thompson,43,Lake Christopher,Premium
275,Kelly Erickson,22,West Melissatown,Premium
276,Christopher Johnson,48,New James,Free
277,Nathan Cochran,20,West Staceyborough,Premium
278,James Scott,65,Melissastad,Premium
279,Jennifer Lopez,22,Scottside,Free
280,Kristina Reed,42,South Nicole,Premium
281,James Daniels,27,Gallowaymouth,Free
282,Bonnie Hall,25,Samanthaview,Premium
283,James Carlson,64,Robinsonhaven,Free
284,James Thomas,44,Stacieborough,Free
285,Erin Phillips,30,East Robert,Premium
286,Mrs. Grace Rangel,64,South Lisahaven,Premium
287,Thomas Villa,68,Cameronville,Premium
288,Morgan Stanley,37,Stevensmouth,Premium
289,Mark Tran,64,East Dalton,Premium
290,Kelly Gonzales,72,East Natashabury,Premium
291,Gregory Williams,37,Pachecoton,Premium
292,Jacob Griffin,39,Kimberlyport,Free
293,Michael Morales,62,West Travisshire,Free
294,Michael Henderson,51,East Penny,Free
295,Joseph Silva,51,Michaelland,Free
296,Erika Lee,51,Randolphshire,Free
297,Nicole Rocha,42,West Dennismouth,Premium
298,Carrie Lopez,21,Port William,Premium
299,James Turner,27,North Alexander,Premium
300,Bradley Romero,29,Port Alyssaborough,Premium
301,Allen Khan,70,Millerview,Free
302,Chad Cabrera,62,North Darryl,Premium
303,Nathan Scott,58,New Robert,Free
304,Richard Velazquez,30,Susanport,Premium
305,Mary Rosales,37,Daviston,Free
306,Victor Hamilton,78,Heatherhaven,Premium
307,Brian Murray,38,Lake Shannon,Free
308,Heather Martin,44,New Allenport,Premium
309,Natalie Rogers,61,Port Lisaburgh,Free
310,Joseph Schroeder,24,West Jason,Premium
311,Jasmine Martin,63,Sotofurt,Premium
312,Larry Mclaughlin,76,New Kevinland,Premium
313,Ashley Johnson,58,West Davidland,Premium
314,Kenneth Lowe,47,Turnerchester,Premium
315,Nicole May,36,Port Jameston,Free
316,Sandra Green,21,Tiffanyview,Free
317,Christina Floyd,59,West Julieshire,Premium
318,Mrs. Dorothy Alvarez,59,Carolland,Premium
319,Kayla Elliott,21,Catherinebury,Premium
320,Tracy Bruce,43,Davidport,Free
321,Wayne Watkins,56,Riverafort,Premium
322,Preston Mejia,80,Robertmouth,Premium
323,Edward Parks,48,Virginiaville,Premium
324,Daniel Hammond,80,New Brandon,Free
326,Teresa Suarez,50,Robinsonbury,Premium
327,Mrs. Patricia Ramirez,25,East Susanton,Premium
328,Gary Bennett,66,Lukefurt,Free
329,Lucas Wiley,44,Fowlershire,Free
330,Ashley Robertson,29,Lake William,Free
331,William Massey,57,Adamborough,Premium
332,Michael Miller,21,New Rachelton,Premium
333,Michelle Pearson,57,Cherylfurt,Free
334,Kristina Marshall,43,West Christopherhaven,Premium
335,John Ferguson,52,Bryanside,Free
336,Hannah Durham,28,Lutzberg,Free
337,Matthew Grant,29,Patriciashire,Premium
338,Donna Johnson,51,Hartchester,Free
339,Antonio Carey,62,New Timothy,Free
340,Robert Myers,54,Susanton,Free
341,Jason Mckee,58,East Meganland,Premium
342,Anthony Harvey,36,Vazqueztown,Free
343,Kevin Phillips,71,Brownburgh,Premium
344,Angela Lloyd,60,Port Jamesborough,Premium
345,Ashley Smith,38,Lake Ashley,Premium
346,Stephanie Perkins,70,Vargasmouth,Premium
347,Cody Carter,50,Scottborough,Free
348,Dr. Kimberly Rice MD,47,Benjaminside,Premium
349,Mark Smith,57,Port Melaniemouth,Free
350,Timothy Johnson,23,East Jodi,Premium
351,Angel Gregory,44,Benjamintown,Premium
352,Danielle Harper,60,West Brendatown,Free
353,Nicole Cooper,20,Lake Baileyfort,Free
354,Natalie Smith,49,Lake Nathan,Premium
355,Kevin Cobb,63,Port Mollychester,Premium
356,Jacqueline Patterson,67,Thorntonton,Premium
357,Chelsea Miller,52,Yeseniaburgh,Premium
358,Anthony Benson,79,Chadfurt,Free
359,Todd Middleton,23,Annfurt,Free
360,Alyssa Peterson,64,Royville,Free
361,Eric Johnson,41,Port Joyce,Premium
362,Holly Stone,64,Clintonport,Premium
363,Tyler Young,18,South Kellymouth,Free
364,Tony Johnson,60,South Kevin,Premium
365,Kevin Carroll,71,Adamview,Free
366,John Greene,51,Brennanberg,Premium
367,Sally Chambers,53,New Robert,Free
368,Lisa Mcguire,60,Johnburgh,Premium
369,Allison Campbell,20,East Lindaville,Premium
370,Joshua Chase,50,Amandatown,Free
371,Alexander Guzman,39,New Mary,Free
372,Megan Cruz,63,Lake Frank,Free
373,Devin Calhoun,34,Leemouth,Free
374,Carl Merritt,68,Matthewton,Premium
375,Melissa Caldwell,24,North Michaelshire,Free
376,Laurie Peterson,27,East Danielburgh,Free
377,Jesse Fitzpatrick,37,South Mindyfurt,Free
378,Hunter Ayala,51,South Brianbury,Premium
379,Barbara Wilson,79,Lake Maxwellville,Premium
380,Mercedes Bowers,29,New Brittany,Premium
381,David Edwards,51,Danielfurt,Premium
382,Destiny Allison,63,Bakerburgh,Free
383,Jeffrey Young,63,Danielsbury,Premium
384,Krystal White,63,West Stacey,Premium
385,Stacey Roman,55,Lake Tylerview,Premium
386,Tim Castro,70,Lake Ashley,Premium
387,Darren Williams,25,Walkerport,Free
388,Gabriella Brown,52,New Lawrence,Free
389,Michael Johnson,35,Manninghaven,Free
390,Shane Montgomery,54,Wilsonfurt,Free
391,Jesse Singh,40,Timothyberg,Free
392,James Stone,35,Tuckermouth,Free
393,Tina Campbell,57,South Andrea,Free
394,Alexander Cain,45,Grantview,Premium
395,Ernest Howell,53,North Marisaville,Free
396,William Gregory,30,South Taylormouth,Free
397,Mary Sutton,50,North Markland,Free
398,John Rhodes,28,Morrisfort,Free
399,April Long,67,Karlaland,Premium
400,Jerry Nguyen,32,North Courtney,Free
401,Michele Mullins,40,Adamborough,Premium
402,Mark Young,67,Mariaport,Free
403,William Peck,58,South Judith,Free
404,James Henry,38,Port Dennis,Free
405,Melissa Stanley,30,Port Phillipmouth,Free
406,Melanie Adams,26,South Kevin,Premium
407,Melinda Wagner,43,New Hannah,Free
408,Kevin Jones,24,Gutierrezbury,Premium
409,Paul Fisher,70,Jamesbury,Premium
410,Alan Lam,53,North Nicholas,Premium
411,Nancy Young,50,North Erica,Premium
412,Crystal Burton,44,Danielleberg,Free
413,Courtney Maynard,21,Michaelbury,Premium
414,Yvette Vasquez,36,Chandlershire,Free
415,Karen Clark,41,West Kristin,Premium
416,Steven Kramer,53,Port Sarah,Premium
417,Laura White,66,Brittanychester,Premium
418,Kimberly Warren,24,Leroybury,Free
419,Andre Chandler,68,Schaeferside,Premium
420,Karen Taylor,60,Rachelbury,Free
421,Michelle Boyle,35,Lake Devinborough,Free
422,Karen Bowman,50,Campbellport,Premium
423,Jason Powers,53,South Jenniferburgh,Free
424,Jason Rich,20,Greenmouth,Premium
425,Dale Smith,47,Kellychester,Free
426,Amber Gibson,44,Tracymouth,Free
427,Stephen Norris,55,Floreston,Free
428,Makayla Walls,37,Lake Catherine,Premium
429,Brandon Burns,29,West Ryan,Free
430,Dr. Tammy Gill,52,Smithborough,Premium
431,Erin Cooper,19,Mitchellview,Premium
432,Jessica Boyle,37,Barbarabury,Premium
433,William Garcia,23,Lake Mariahland,Free
434,Matthew Crawford,69,Wayneport,Free
435,Caitlyn Galvan,25,West Kevin,Premium
436,Jessica Mathews,52,Villarrealport,Free
437,Kevin Kelley,79,West William,Premium
438,Timothy Allen,42,West Matthew,Premium
439,Kelli Smith,51,West Cynthiaview,Premium
440,Gabriel Lewis,73,Johnsonchester,Free
441,Sheri Roberts,47,West Kim,Premium
442,Candice Koch,74,South Deannashire,Free
443,Amy Velez,51,Ethantown,Free
444,Cory Golden,40,Hillbury,Premium
445,Keith Hernandez,78,West Veronica,Free
446,Matthew Miranda,50,Alanshire,Premium
447,Tyler Young,42,Pennyville,Premium
448,Dawn Vargas,33,South Brandon,Free
449,Matthew Woods,36,Gillespiefurt,Premium
450,Juan Perez,62,South Maureenmouth,Free
451,Erin Ross,62,West Peterside,Free
452,Peter Robinson,74,Ashleyhaven,Premium
453,Colin Reynolds,42,Mackfurt,Free
454,Thomas Clark,49,Welchburgh,Free
455,Sara Deleon,65,New Danielchester,Free
456,Victor Humphrey,56,Michaelview,Free
457,Linda Rodriguez,24,Samanthaborough,Free
458,Emily Cantu,45,West Glendafort,Premium
459,James Hays,71,New Tamaraport,Free
460,Tara Allen,40,New Curtisfort,Free
461,Stacy Oneal,62,East Nicole,Free
462,Kirsten Adkins,48,Charleshaven,Premium
463,Douglas Walker,52,Port Ashleyborough,Premium
464,Kristen Woods,71,Freemanville,Premium
465,Aaron Butler,51,New Natalieshire,Premium
466,Matthew Rodriguez,26,North Michaelmouth,Premium
467,Jasmine Schmidt,76,Lake Erik,Free
468,Cheryl Anderson,62,East James,Premium
469,Anthony Cardenas,63,Lake Lindseyfort,Premium
470,Doris Mcknight,42,Port Rhondaview,Premium
471,Allison Davis,47,Brownport,Free
472,Robert Henry,24,South Christianstad,Premium
473,William Johnson,27,Bethanyside,Premium
474,Larry Thomas,70,Williamshire,Premium
475,Christina Torres,71,Kristinside,Free
476,Erin Welch,40,West Teresa,Premium
477,Christopher Thompson,62,North Joshuaberg,Premium
478,Michael Rice,41,West Erinberg,Premium
479,Susan Shaw,72,Nicholsport,Free
480,Stacy Porter,53,Danielport,Free
481,Martin Jensen,77,Nelsonhaven,Free
482,Eileen Shah MD,36,New Noah,Free
483,Angel Powers,31,Port Andrewfurt,Free
484,Paul Williams,59,Johnsonville,Premium
485,Tiffany Aguirre,66,Reginafort,Premium
486,Luis Spencer,59,West Deanna,Premium
487,John Thomas,41,West Michaelside,Premium
488,Alice Ruiz,25,Nguyenburgh,Premium
489,Michelle Robinson,58,Arthurfort,Free
490,Mr. Larry Johnson,64,North Jerry,Premium
491,Wendy Blake,48,Tammyfort,Premium
492,Patricia Lee,31,North Donald,Premium
493,Denise Young,45,Hernandeztown,Premium
494,Daniel Jackson,27,Phillipfort,Premium
495,Alexis Wright,49,Reynoldsside,Free
496,Daniel Morales II,20,East Maryville,Free
497,Sarah Mcintyre,69,Hughesborough,Free
498,Barbara Doyle,38,Josephmouth,Free
499,Rebekah Goodman,72,New Nathaniel,Premium
500,Justin Vega MD,79,North Brenda,Free
501,William Johns,63,New Joshua,Premium
502,Joshua Rocha,80,Lake Eric,Free
503,Donna Cole,63,Lake Jeremy,Free
504,Marissa Kennedy,58,East Daniel,Premium
505,James Hardy,50,Jeffreyport,Free
506,Joseph Henderson,36,New Mario,Free
507,Zachary Francis,44,Brianhaven,Premium
508,James Miles,23,Dennismouth,Free
509,Erica Brooks,37,South Stephanie,Premium
510,Angela Flynn,54,Millerberg,Free
511,Garrett Jackson,50,Port Kyle,Free
512,Stacy Green,44,West Vanessa,Free
513,Chris Burns,63,Martinezside,Premium
514,Philip Francis,40,Angelafurt,Premium
515,Patrick Bailey,49,North Kimberlyfort,Free
516,Maria Nelson,69,Moralesville,Premium
517,Mark Rodriguez,25,Alexafort,Premium
518,Daniel Moreno,65,Port Royborough,Premium
519,Debbie Williams,35,Muellerberg,Premium
520,William Weaver,64,Ashleeton,Premium
521,Philip Mccarty,24,Taylorside,Premium
522,Chloe Parsons,66,East Josephchester,Premium
523,Darlene Sparks,36,Lake Andrew,Premium
524,Dylan Sparks,66,South Deborahtown,Premium
525,Sarah Logan DVM,22,East Bailey,Premium
526,Tony Taylor,75,Alyssaberg,Free
527,Ashley Jensen,69,Chrisview,Free
528,Timothy Hampton,72,East Douglas,Premium
529,William Henson,55,Joelmouth,Premium
530,Charles Grant,43,South Elizabethport,Premium
531,Jessica Morgan,61,North Ruben,Free
532,Bryan Peterson,44,West Joanna,Premium
533,Ana Wyatt,32,Port Gabrielamouth,Premium
534,Alexa Meyer,48,Markmouth,Free
535,Jacqueline Moss,60,Williamsonport,Free
536,Andrew Mora,40,Michaelville,Premium
537,William Salazar,57,Danielton,Free
538,Larry Jackson,19,East Shawnview,Premium
539,Sonya Trujillo,68,West Daniel,Free
540,Monique Dalton,41,Douglasshire,Free
541,Kimberly Hall,44,Port Brianshire,Premium
542,Julia Castillo,73,Lake Emily,Premium
543,Brian Carlson,35,New Lauren,Premium
544,Brandon Flores,53,North Deborah,Free
545,Larry Anderson,46,Tonyview,Free
546,Emily Dodson,26,Lake Tara,Premium
547,Gloria Rodriguez,41,Ericfort,Free
548,Terry Harrington,27,East Amber,Free
549,Megan Patrick,45,Johnmouth,Free
550,Megan Medina,26,Brianborough,Premium
551,Cynthia Bonilla,54,East Timothyville,Premium
552,Wendy Jacobson,46,New Joseph,Free
553,Lori Davis MD,25,Richardsonfurt,Free
554,Jaclyn Holmes,70,Justinton,Free
555,Ashley Moore,20,East Debbie,Premium
556,Brian Ellis,28,Port Alyssaton,Premium
557,Claire Shannon,37,West Brianville,Premium
558,Michael White,21,South Sharontown,Premium
559,Jason Mcclure,48,Port Jessicaborough,Premium
560,Sarah Atkins,51,New Rubenmouth,Premium
561,Joseph David,31,Jonathanville,Free
562,Michael Sanchez,43,Rodriguezbury,Premium
563,Amanda Caldwell,70,Marcusview,Premium
564,Jared Miller,68,Alexisberg,Premium
565,David Garrett,29,Davidhaven,Premium
566,Amanda Noble,78,East Joe,Premium
567,Dylan Grant,59,Piercechester,Premium
568,Kayla Patterson,45,East Samantha,Free
569,David Haley,49,Jessicashire,Premium
570,Alicia Morton,29,Port Pamelamouth,Free
571,Howard Noble,23,Loveville,Premium
572,Alan Davis,35,Liuview,Premium
573,Antonio Sutton,72,Hollowaybury,Free
574,Mr. Joseph Reed,69,Sandersmouth,Free
575,Holly Tucker,41,Port Amystad,Premium
576,Sara Jones,62,West Charlesfort,Free
577,Anna Diaz,21,Christopherstad,Free
578,Rodney King,25,Amandaton,Premium
579,Mark Bryan,38,East Veronicaberg,Free
580,Derrick Luna,56,Hannastad,Premium
581,Christopher Schmidt,73,West Brad,Free
582,Cameron Morrison,72,East Kylefurt,Free
583,Carrie Collier,28,East Katherine,Premium
584,Richard Russell,56,West Sarahburgh,Free
585,William Elliott,69,West Lisaton,Premium
586,Dakota Davis,43,Mendozaville,Premium
587,William Soto,30,Cassandraborough,Free
588,Deborah Thomas,30,West Wendystad,Free
589,Jose Perez,63,Johnland,Premium
590,Patricia Garcia,32,West Mary,Premium
591,David Anderson,48,New Daniel,Premium
592,Brandy Ramirez,38,West Willie,Free
593,Nicole Stevenson,68,New Justin,Premium
594,Ruth Hancock,73,Matthewport,Premium
595,Kelly Avila,77,Patriciaview,Free
596,Michael Lewis,36,Cunninghamtown,Free
597,Chelsea Harrison,80,New Molly,Free
598,Juan Jackson,26,Ashleymouth,Premium
599,Daniel Schultz,77,Brandymouth,Premium
600,Thomas Vazquez,78,East Rebeccamouth,Free
601,Linda Johnson,49,Brownfurt,Premium
602,Samantha Martinez,61,North Adrian,Free
603,Eric Patterson,37,East Coryport,Premium
604,Robert Jenkins,67,West Angela,Free
605,Carrie Clarke,74,East Kathleen,Premium
606,Christopher Richardson,70,West Antonio,Premium
607,Jessica Reyes,44,North Victoriahaven,Free
608,Richard Petersen,36,Robertsonburgh,Premium
609,Dustin Barnes,48,Wrightbury,Free
610,Krystal Brown,30,North Marcuston,Free
611,Tyler Jones,36,Brianfort,Free
612,Gina Byrd,44,Patrickfurt,Premium
613,Deanna Roberts,22,Mariaside,Premium
614,Kathy Miller,46,Maryland,Premium
615,Nancy Joseph,52,Waltersfort,Premium
616,John Owens,65,North Selena,Free
617,William Villarreal,57,Millsborough,Premium
618,Jonathan Hawkins,79,Lake Anna,Premium
619,Brittany Tucker,66,Wardchester,Premium
620,Emma Sawyer,28,West Justin,Premium
621,Sean Spencer,73,South Robert,Free
622,Tiffany Martin,26,Kruegerhaven,Premium
623,Ann Smith,70,Nicoleland,Free
624,Brandon David,19,Calderonville,Free
625,Leslie Hansen,61,Allisonfurt,Premium
626,Johnny Clark,53,West Susanshire,Premium
627,Anthony Hamilton,78,Miguelburgh,Premium
628,Victoria Reynolds,75,North Margaret,Free
629,Bruce Williams,63,Petersborough,Premium
630,Nathan Wilson,67,Krausetown,Premium
631,Cheryl Foster,38,Lake Stacey,Premium
632,Joshua Kelley,29,Port Lisa,Free
633,Mary Martinez,49,Port Kimberly,Free
634,Michael Ramirez,45,Port Emily,Premium
635,Dana Parker,60,Kingchester,Premium
636,Sara Peterson,33,Lake Brucebury,Free
637,Charles Gomez,40,Watsonbury,Premium
638,Melissa Hutchinson,68,Blanchardville,Premium
639,David Jones,38,North Andrewhaven,Premium
640,Patrick Moreno,63,Danielberg,Free
641,Jack Gibbs,54,Johnsonfurt,Free
642,Robert Lynch,40,Port Vincent,Free
643,Walter Williams,20,Lake Cynthia,Premium
644,Nicole Daniels,25,Lake Stanley,Premium
645,Charles Taylor,63,Hopkinsburgh,Premium
646,Autumn Moran,70,Jonesmouth,Free
647,Michael Jackson,56,Cunninghamstad,Premium
648,Brittany Shea,65,Matthewberg,Free
649,Stephanie Davis,62,Emilyborough,Premium
650,Richard Jones,19,Lake Anthony,Premium
651,Darren Anderson,50,East Robynchester,Free
652,Terry Crosby,75,Hutchinsonfort,Free
653,Timothy Schultz,24,Richardshire,Free
654,Joshua Hill,28,Michaelchester,Premium
655,Gabrielle Allen,43,Jacksontown,Free
656,Jacob Tran,59,Allenview,Premium
657,Rachel Carter,57,South Samanthastad,Premium
658,Chris Riley,19,Lopezberg,Premium
659,John Stewart,55,North Jerryville,Free
660,Justin Gonzalez,28,Kristinaside,Free
661,George Armstrong,36,New Michaelland,Free
662,Anthony Lane,80,East Tracyville,Free
663,Lori Oconnell,80,Markside,Premium
664,Sheila Mason,24,Lake Nicholasburgh,Premium
665,Manuel Gomez,39,Port Charlesview,Free
666,Phillip Gutierrez,67,East Joyfurt,Premium
667,Derek Peters,43,North Michelleville,Free
668,Christine Garcia,69,Hannahshire,Free
669,Paul Morales,58,West Jennifer,Free
670,Virginia Warner,27,South Mirandaport,Free
671,April Cook,71,West Christopherstad,Premium
672,Jessica Duncan,30,West Tammy,Premium
673,Elizabeth Moyer MD,31,South Patrickshire,Premium
674,Jill Holmes DDS,30,North Richardfort,Free
675,Anthony Cabrera,40,North Jessicaland,Premium
676,Dawn Grant,65,East Andreaborough,Premium
677,Scott Johnson,39,Pottsburgh,Free
678,Yvette Kane,54,Andrewfurt,Free
679,Hailey Green,37,Gonzalezton,Premium
680,Mary Henderson,37,Manuelfurt,Premium
681,Haley Peters,48,Lake Robertfurt,Premium
682,Drew Hendricks,67,Brianahaven,Free
683,Troy Bowers,53,Elizabethville,Free
684,Mary Powers,72,West Thomasmouth,Premium
685,Jessica Fletcher,67,Thompsonville,Free
686,Timothy Morton,71,Escobarfort,Free
687,David Sawyer,55,Lake Tonyatown,Premium
688,Dustin Patterson,50,Jennifermouth,Free
689,Heather Reyes,56,Paulaborough,Premium
690,Patricia Williams,58,Jeffreymouth,Premium
691,Beverly James,57,North Rebekahtown,Premium
692,Joshua Cervantes,60,South Stevenhaven,Free
693,Michael Williams,63,Chelseaton,Free
694,Jon Reid,46,North Erika,Free
695,Jorge Conway,61,New Annette,Free
696,Kelly Clark,46,New Kevin,Premium
697,Ryan Mata,42,Kaitlynbury,Free
698,Susan Miller,62,Durantown,Free
699,Timothy Daniels,55,Port Melissa,Premium
700,Brian Johnson,47,New Allison,Free
701,Jesse Bond,65,Alyssaburgh,Premium
702,Catherine Rodgers,45,North Heatherhaven,Premium
703,Matthew Baker,53,Port Megan,Free
704,Kevin Calhoun,75,South Robin,Premium
705,Joshua Baker,21,North Christopherfurt,Premium
706,Karen Townsend,18,North Heidi,Free
707,Billy Duran Jr.,64,Georgeside,Free
708,Beth Dennis,31,New Scott,Free
709,Bethany Pearson,58,Stephensonfort,Free
710,Cameron Rogers,77,West Edward,Free
711,Sheila Cook,56,South Rhondaburgh,Premium
712,Eddie Bray,54,Patrickburgh,Premium
713,Beth Harris,44,New Nicole,Free
714,Shannon Blevins,58,Pruittview,Free
715,Lacey Hinton,80,Hughestown,Premium
716,Sean Brown,19,New Lindsayfort,Premium
717,Daniel Howard,41,Jamesborough,Free
718,Brian Freeman,79,South Michaelchester,Premium
719,Sarah Allen,76,Donovanport,Free
720,David Rodriguez,73,Nicolehaven,Free
721,Kenneth Robinson,37,West Veronica,Premium
722,Maria Camacho,22,Andersonport,Free
723,Dawn Garcia,34,Pamelahaven,Premium
724,Lawrence Martin,34,Lake Jonathanmouth,Premium
725,Jorge Nelson,47,Port Nancy,Free
726,Eric Moody,69,West Brittneyfurt,Premium
727,Sara Herrera,62,Richmondburgh,Premium
728,Chelsea Hernandez,47,New Gregory,Free
729,Amanda Medina,74,Port Andrew,Free
730,Meghan Smith,78,West Russell,Premium
731,Denise Dixon,63,Lauraton,Free
732,Nicole Good,23,Port Jamesshire,Free
733,Jessica Russell,66,Lauramouth,Free
734,Julie Hanson,57,Cameronmouth,Free
735,Rebecca Lambert,34,East Julie,Premium
736,Kyle Soto,65,Heatherchester,Free
737,Sherry Jordan,48,Kimberlyville,Free
738,Edward Morris,28,Westport,Premium
739,Lauren Cooper,22,North Nancy,Premium
740,Diamond Lawrence,58,Thompsonchester,Premium
741,Katherine Stevenson,30,Port Tommy,Premium
742,Jessica Wright,71,Port Jeffreyborough,Free
743,James Cole,37,Stephanieburgh,Premium
744,Stuart Evans,38,East Matthew,Free
745,Lisa Crawford,64,Lyonsshire,Premium
746,Kathy Webster,65,Colemanton,Free
747,Chelsea Grant,60,New Haleymouth,Premium
748,Charles Miller,64,Port Nancy,Premium
749,Kristy Ramos,75,North Aaronview,Premium
750,Michael Johnson,44,South Amy,Premium
751,Andrew Barry,55,Lake Amanda,Premium
752,Corey Acosta,65,Port Mike,Free
753,David Fleming,74,West Ashley,Premium
754,Teresa Bates,42,South Thomasland,Premium
755,Daniel Jefferson,19,New Christopherville,Free
756,Paul Malone,47,South Jordantown,Premium
757,Shelby Nunez,47,Natashamouth,Free
758,Christopher Guerrero,67,Millerport,Premium
759,Miss Nancy Kennedy DVM,21,Josephside,Premium
760,Janet Villarreal,76,West Casey,Free
761,Matthew Alexander,37,Lopeztown,Premium
762,Elizabeth Williams,24,Barrettland,Premium
763,Angela Mason,71,Williamsbury,Premium
764,Jack Parsons,78,Port Christopherside,Premium
765,Sergio Johnson,23,East Henryport,Premium
766,Tara Fritz,61,Daniellemouth,Premium
767,Anthony Stevens,53,New Robert,Premium
768,John Smith,42,Lake Jamesfurt,Premium
769,Ernest May,21,Tiffanyport,Free
770,Shannon Cooper,44,Port Angelashire,Free
771,Paula Carter,51,Hobbsside,Free
772,Ian Burns,51,Christopherchester,Premium
773,Maria Baker,28,Myersshire,Free
774,Timothy Gonzalez,76,Lake Cynthiafort,Premium
775,Matthew Taylor,23,Grantville,Premium
776,Michele Buckley,19,East Michelehaven,Premium
777,Mary Peterson,19,Dianefort,Free
778,Deborah Evans,66,Port Elizabethmouth,Premium
779,Michelle Arellano,37,Russellshire,Premium
780,Jennifer Jackson,32,Morganville,Premium
781,Jennifer Miller,43,Tinaview,Premium
782,Susan Jones,53,Jamesbury,Premium
783,Brooke Coleman,56,East Benjamin,Premium
784,John Scott,62,Kingport,Free
785,Juan Hughes,33,Annechester,Premium
786,Annette Schmidt,63,Lake Laurastad,Free
787,Kevin Adkins,47,North Scott,Premium
788,Nathan Shaffer,74,Brandiberg,Premium
789,Martin Mcgee,56,Caseymouth,Premium
790,Joseph Thomas,74,Allisonberg,Premium
791,Amy Marks,61,West Ana,Free
792,Diana Marshall,38,Port Scottchester,Free
793,Michael Bryan,34,West Danielview,Premium
794,Melanie Berry,36,Morrisonville,Free
795,Patricia Jones,60,East Karina,Premium
796,Joshua Larson,66,New Nicholas,Free
797,Patricia Gordon,34,Kimberlyton,Premium
798,Daniel Thomas,41,East Jamesport,Free
799,Lonnie Smith,66,Sandersfurt,Premium
800,Nicholas Johnson,78,South Danielside,Free
801,Mark Crosby MD,41,Weaverton,Premium
802,Troy Lambert,72,New Deniseton,Premium
803,Paul Parks,23,South Carolyn,Free
804,Joshua Wallace,63,New Brandyville,Free
805,Daniel Baird,29,Marcport,Premium
806,Amanda Murray,57,Williamstown,Free
807,Anna Ramirez,29,Raymondside,Free
808,Joshua Brown,24,Melissabury,Free
809,Teresa Davenport,52,Wrightberg,Free
810,Jose Smith,55,Brittanymouth,Free
811,Allison Williams,40,Dawsonstad,Premium
812,Jennifer Key,32,Kelliebury,Premium
813,Nancy Miller,58,Port David,Premium
814,Douglas Garcia,76,Smithmouth,Premium
815,Troy Strong,20,New Brian,Free
816,Teresa Jenkins,65,East Shawn,Free
817,Raymond Molina,63,East Gary,Free
818,Natasha Lane,63,Deanfort,Free
819,Courtney Gordon,32,Jamesshire,Premium
820,Jose Quinn,62,South Ronnie,Premium
821,Eric Stewart,72,East Virginia,Premium
822,Janet Cummings,30,Aguirreshire,Premium
823,Kathy Abbott,28,Port Jenniferside,Free
824,Gregory Harper,35,Staceymouth,Free
825,Nicole Brown,72,East Michaelmouth,Free
826,Morgan Rangel,69,Lake Craig,Premium
827,Julia Sullivan,77,Anthonystad,Free
828,Pamela Ramos,33,East Ann,Free
829,Michelle Howard,49,Ashleybury,Free
830,Antonio Ward,62,Garciaburgh,Premium
831,Sheri Hensley,54,Jasonmouth,Premium
832,Michael Kelly,53,Bobbymouth,Free
833,Kristen Weaver,48,South Mary,Premium
834,Mark Johnson,56,West Brianshire,Premium
835,Christopher Wood,76,New Alexis,Premium
836,Andrea Hamilton,53,Amyside,Free
837,Ruben Peters,30,Johnsonborough,Premium
838,Kaitlyn Rose,22,Wardbury,Free
839,Candace Moore,74,East Nicholashaven,Free
840,Scott Walter,56,Lake Marcusmouth,Premium
841,Brooke Graves DDS,33,Port Richardfurt,Premium
842,Kimberly Porter,44,Taylorbury,Premium
843,Nicole Baker,48,New Randallhaven,Free
844,Barry Harper,76,Lake Angela,Premium
845,Mary Nelson,25,East Tina,Premium
846,Andrew Page,40,Savageberg,Premium
847,Dr. Jonathan Walsh,22,West Lisa,Free
848,Gabriella Briggs,31,Prestonland,Premium
849,Jessica Ray,56,West Stevenside,Free
850,Colton Young,54,Webbstad,Free
851,Raymond Anderson,42,New Brian,Free
852,Benjamin Freeman,37,Nicholsville,Premium
853,Sara Pennington,32,Stevenside,Premium
854,Abigail Hughes,80,Thomastown,Free
855,Jordan Thomas,18,North Thomas,Premium
856,Susan Lee,60,Mackenziestad,Premium
857,Mrs. Diane Johnson,29,Derekland,Free
858,John Moses,75,Lake Douglasborough,Free
859,Adriana Allison,63,North Nicholas,Free
860,Mike Austin,26,New Tyler,Free
861,Ashley White,64,Powellmouth,Free
862,Richard Miller,24,Lake Shannontown,Free
863,Lisa Wall,70,Gregorystad,Free
864,Anthony Morris,68,Jonathonview,Premium
865,Veronica Castillo,49,Herreraland,Premium
866,Tracey Arellano,79,Port Luke,Premium
867,James Hernandez,38,Brettbury,Free
868,Christopher Cobb,20,West Ericside,Premium
869,Nicole Garcia,27,Williamsside,Premium
870,Sara Bradford,21,New Erichaven,Free
871,Laura Arroyo,71,New Richardton,Premium
872,Veronica Walsh,45,Juliefurt,Free
873,Jeffrey Clay,40,Lake Michaelland,Free
874,William Hernandez DDS,21,Port Williamfurt,Premium
875,Jill Anderson,70,Reynoldsbury,Free
876,Elizabeth Jacobs,59,Daleport,Premium
877,Joseph Coleman,39,North Anthonyberg,Free
878,Larry Ramirez,48,Hayesberg,Free
879,Martin Sanders,43,Smithstad,Premium
880,Matthew Smith,43,Zimmermanland,Premium
881,Ryan Kirby,72,Port Lesliemouth,Premium
882,Leslie Reyes,77,Marybury,Premium
883,Amber Thompson,41,Port Alexishaven,Free
884,William Townsend,40,Ewington,Free
885,Angel Silva,32,New Sallyton,Premium
886,Bradley Sims,67,South David,Free
887,Tina Harrison,80,South Michael,Premium
888,Gary Bailey,45,Timothyhaven,Free
889,Claire Thomas,76,Rayfort,Free
890,Jeffrey Rios,74,Tylerchester,Free
891,Keith Smith,30,Joycemouth,Free
892,Michael Lane,44,West Julie,Free
893,Rodney Lin,77,Lake Katherineport,Premium
894,Nicholas Brennan,60,Gonzalesberg,Free
895,Steven Mcclure,56,West Pattyville,Premium
896,Karen Fisher,23,Rossshire,Free
897,Christy Summers,44,Boydton,Free
898,Nancy Mason,34,Richardport,Premium
899,April Rojas,74,North Heather,Free
900,Karen Smith,22,North Christina,Premium
901,Dylan Martin,24,East Joannechester,Premium
902,Sarah Gibson,34,Krystalville,Free
903,Patrick Jensen,41,Derekside,Premium
904,Richard Rose,63,Lake Shawn,Free
905,Nichole Parker,47,South David,Premium
906,Ashley Hall,42,Ericmouth,Premium
907,Charles Lucas,49,East Laurenfurt,Free
908,Justin Burnett,80,West Marktown,Free
909,Nicholas Brooks,60,West Tristan,Free
910,Morgan Taylor,47,North Melissaburgh,Premium
911,Matthew Mitchell II,64,New Taylor,Premium
912,Kyle Clark,64,East Jonathan,Free
913,Kayla Smith,51,West Jeffreyshire,Premium
914,Anthony Johnson,67,Vaughanmouth,Free
915,Mr. Cory Acosta,33,Port Edward,Premium
916,James Vance,39,East Gina,Premium
917,Philip Pittman,80,Laurentown,Free
918,David Wheeler,26,South Cynthia,Free
919,Richard Rowe,68,Port Aliceview,Free
920,Bobby Rodriguez,24,Lisaburgh,Free
921,Mark Dennis,48,New Angela,Free
922,Robert Scott,32,Lake Joseside,Premium
923,Sarah White,63,East Audreyville,Free
924,Ashley Blair,60,Lake Samuelmouth,Premium
925,Jordan Trevino,58,Miguelborough,Premium
926,Jennifer Harrison,50,Shannonstad,Free
927,Michael Nelson,58,Lake Randy,Free
928,Scott Brown,52,Kathrynmouth,Premium
929,Mary Barnes,35,West Eileen,Premium
930,Taylor Robertson,57,Martinchester,Premium
931,Andrew Hernandez,20,Stephanieborough,Premium
932,Tina Kelley,74,Port Tannerton,Free
933,Sheila Contreras,46,West Crystalborough,Free
934,Jason Haynes,50,Alexchester,Premium
935,Lee Brown,57,Brownbury,Premium
936,Michelle Mathews,39,Jonesmouth,Premium
937,Robert Wilson,25,Andrewmouth,Premium
938,Richard Townsend,37,Lake Regina,Free
939,Sharon Hunter,73,Connieside,Free
940,Shane Hart,23,Whiteberg,Free
941,Sandra Jones,40,West Douglas,Free
942,Eric Ball,28,Wheelerton,Free
943,John Lawson,71,Collinsville,Premium
944,Sonya Vance,75,Benjaminview,Free
945,Kristin Lara,49,South Brandon,Free
946,Paul Flores,79,Pearsonberg,Free
947,Dawn Grimes,65,Margaretfort,Free
948,Mary Mueller,18,Terrichester,Premium
949,Laurie Wood,73,North Haley,Premium
950,Cesar Young,22,Brittanymouth,Premium
951,Jonathan Moran,76,North Brandonport,Premium
952,Shannon Conrad,29,Wadeport,Premium
953,Rebecca Murray,19,South Emilyhaven,Premium
954,Joseph Walsh,21,Heatherside,Free
955,Cassandra Jones,42,Joshuaville,Premium
956,Aaron Stevens,48,Lake Melindaburgh,Premium
957,John Thomas,74,Lake Kristaview,Premium
958,Laura Nguyen,50,West Trevorchester,Premium
959,Shelly Cobb,42,New Patrick,Free
960,Heather Johnson,49,North Coltonburgh,Free
961,Michael Parker,56,North Derrickport,Free
962,Joseph Thomas,80,North Jennifer,Free
963,Miss Holly Hall,46,East Paula,Free
964,Shawn Taylor,31,Snyderbury,Free
965,Daniel Gomez,32,Martinezbury,Premium
966,Cynthia Hudson,77,Port Briannatown,Free
967,Mr. Evan Mcdonald,18,Tonyabury,Premium
968,David David,55,Lake Bryan,Free
969,Amber Gonzales,78,South Timothyhaven,Free
970,Jacob Mason,77,Tylershire,Free
971,Steven Graham,26,Ponceland,Free
972,Jennifer Howard,63,Port Josephton,Free
973,Logan Edwards,72,Lake Michael,Premium
974,Cheryl Turner,51,Tracyview,Premium
975,Gabriel Clay,19,Turnerfort,Premium
976,Jason Bray,60,Lake Larrystad,Free
977,Pamela Woodard,49,Beckfurt,Premium
1087,Kristy Fox,61,Lake David,Premium
978,Christopher Martinez,26,Lake Corey,Free
979,Patricia Wheeler,80,Peterstad,Free
980,Joseph Stewart,59,West Kurt,Free
981,Dan Townsend,23,Port Kennethborough,Premium
982,Claudia Wright,53,Flemingland,Premium
983,Pamela Johnson,73,East Marieshire,Premium
984,Maria Gonzales,75,North Taylormouth,Free
985,Cody Green,31,Lake Andrew,Free
986,Teresa Spears,55,Port Richardhaven,Free
987,Ms. Lindsay Anderson,67,Lake Lukemouth,Free
988,Philip Allen,18,Montgomeryburgh,Free
989,Nathan Freeman,54,East Levihaven,Premium
990,Gail Brown,21,West Erin,Premium
991,Morgan Ortiz,31,New Andrewland,Premium
992,Whitney Miles,20,Nelsonbury,Premium
993,Melanie Chapman,51,Nicoleburgh,Free
994,Monica Ward,34,Christinaburgh,Premium
995,Jose Stephenson,75,North Thomas,Premium
996,Karen Luna,75,West Tammyland,Premium
997,Justin Day,67,Campbellchester,Free
998,Greg Sullivan,36,Morristown,Free
999,Anthony Garcia,34,Elliottmouth,Free
1000,Tamara Glover,61,South Jesus,Premium
1001,Jonathan Gonzales,37,North Juan,Free
1002,Sean Kent,29,Barrettport,Premium
1003,Mrs. Amy Leblanc,49,Danielleville,Free
1004,Lindsey Holmes,61,Port Alfred,Free
1005,Michael Jones,48,Port Ashley,Free
1006,Glenda Cabrera DVM,58,North Amandaborough,Premium
1007,Michelle Austin,76,Port Kayla,Free
1008,Javier Howard,31,Hubbardtown,Premium
1009,Kelly Faulkner,56,East Kristie,Premium
1010,Jackie Holt,53,Wilkinsonhaven,Premium
1011,Jason Lopez,66,Smithchester,Free
1012,Jim Rodriguez,53,Fraziermouth,Free
1013,Andrew Lloyd,73,Doyleberg,Free
1014,Benjamin Murray,26,West Tom,Free
1015,Tommy Phillips,57,Bethberg,Free
1016,Shawna Ramirez,52,Zacharymouth,Premium
1017,Curtis Brown,57,Jennaburgh,Premium
1018,George Bennett,75,East Robert,Free
1019,Keith Mcdonald,48,East Jill,Free
1020,Christina Savage,77,Charleschester,Free
1021,Thomas Campos,68,Port Latoya,Free
1022,Yolanda Anderson,51,Briannaport,Free
1023,Mrs. Kristen Solomon,60,Carneymouth,Premium
1024,Laurie Allen,71,North Christopher,Premium
1025,Sarah Stephens,22,Port Laura,Premium
1026,Karl Ellis,48,North Chris,Premium
1027,Zachary Nolan,35,Whitakerberg,Free
1028,David Moran,37,Port Chris,Premium
1029,William Bender,46,Tiffanyville,Premium
1030,Deborah Duffy DVM,66,Gilmorehaven,Premium
1031,Jonathon Horton,47,Coxton,Premium
1032,Hector Cortez,69,New Zoeville,Premium
1033,Emily Conner,73,Lake Melissaton,Free
1034,Regina Myers,66,New Nicholas,Free
1035,Francisco Bowman,56,Lake Courtney,Premium
1036,Veronica Perkins,32,Port Toni,Free
1037,Ana Taylor,79,West Toddhaven,Premium
1038,Tammy Perez,27,West Josephburgh,Free
1039,Lisa Davis,57,West Bradley,Free
1040,Laura Perry,43,Waynebury,Premium
1041,Sonya Matthews,22,Reedhaven,Premium
1042,Robert Wells,57,Port Cynthiafurt,Free
1043,Christian Sanders,30,Port Jesseshire,Premium
1044,Brandon Nunez,43,Wagnerbury,Premium
1045,Brian Miller,32,Ariasborough,Free
1046,Amber Callahan,42,Port Kimberly,Premium
1047,Kristen Henry,79,North Samantha,Free
1048,Jesse Day,79,Elizabethfurt,Free
1049,Tina Daniels,38,Paceland,Free
1050,Cindy Mora,58,New Ashleymouth,Free
1051,Curtis Chavez,44,Williamsonchester,Premium
1052,Lindsay Olsen,69,West Katietown,Free
1053,Julia Pratt,50,Michellehaven,Premium
1054,Joshua Lopez,79,West David,Free
1055,Teresa Lee,41,Lake Alexanderhaven,Free
1056,Robin Alvarez,32,Kimport,Premium
1057,Austin Perkins,68,West Amyborough,Free
1058,Brian Simpson,21,Derrickburgh,Free
1059,John Ramos,75,North Josephport,Premium
1060,Krista Lucas,33,Jasonmouth,Free
1061,Shannon Stevens,76,South Toddhaven,Premium
1062,Richard Allen,46,New Matthew,Free
1063,Anna Scott,27,West Jeremy,Premium
1064,William Sloan,25,Lake Mary,Premium
1065,Daniel Leon,56,Port Davidborough,Premium
1066,Daniel Wilson,40,Deborahton,Premium
1067,Patrick Osborn,52,Lindamouth,Free
1068,Lori Sims,18,Joshuafurt,Premium
1069,Arthur Diaz,64,Gregoryview,Premium
1070,Margaret Bradford,20,North Jasonburgh,Premium
1071,Jessica Jenkins,38,North Michael,Free
1072,Lisa Sexton,60,West Douglas,Premium
1073,Jamie Navarro,34,Sanchezport,Premium
1074,Kristine Hayden,63,Charlesmouth,Free
1075,Ronald Mendez,70,East Oscar,Free
1076,Jacob Miller,56,Valerietown,Free
1077,Alvin Jackson,36,New Bettytown,Premium
1078,Bradley Sims,37,Hoffmanside,Free
1079,Matthew Thomas,39,Port Daniel,Premium
1080,Jennifer Watson,28,Reedshire,Premium
1081,Kelly Wilson,44,Port Benjamin,Premium
1082,Dean Green,67,Port Danafurt,Premium
1083,Faith Hansen,42,Port Benjamin,Free
1084,Nicholas Miller,80,Stephaniechester,Free
1085,Deborah Moran,59,Lake Rick,Free
1086,Dustin Evans,25,West Mario,Free
1088,Terry Ramirez,49,Aguirreton,Premium
1089,Kenneth Cunningham,44,Justinview,Free
1090,Alexis Reyes,62,Chasechester,Premium
1091,Toni Alvarez,35,Fosterborough,Premium
1092,Thomas Gill,68,West Shannon,Free
1093,Scott Campbell,61,Port Mary,Premium
1094,Joshua Huffman,23,Tuckerborough,Free
1095,Jessica Chandler,72,South Jessica,Free
1096,Adam Hooper,62,South Erica,Free
1097,Mark Oneill,79,New Jamesburgh,Free
1098,Timothy Nielsen,43,Williamshaven,Premium
1099,Daniel Graham,52,Rossburgh,Premium
1100,Chelsea Patel,18,Davidshire,Premium
1101,Rachel Paul,68,Port Amandaton,Premium
1102,Monica Johnson,29,Gainesmouth,Premium
1103,Christina Page,57,West Joshua,Free
1104,Mary Lee,59,Yatesside,Premium
1105,Benjamin Rollins,26,New Tonyfort,Premium
1106,Michael Sanchez,39,West Paul,Free
1107,Colton Patrick,66,Ricardoside,Premium
1108,Anna Jordan,21,Stephanieport,Premium
1109,David Bates,76,North Ashleyshire,Free
1110,Tyler Jones,38,Nicholasberg,Free
1111,Andre Ryan,47,Brocktown,Free
1112,John Pierce,49,Danielland,Premium
1113,Sharon Bailey,48,Lake Wesley,Premium
1114,Mary Little,53,New Ambershire,Premium
1115,Timothy Higgins,64,Davidshire,Premium
1116,Jamie Lynch,65,New Christina,Free
1117,Kristin Cunningham,77,Kimville,Premium
1118,Abigail Cooper,35,Coltonmouth,Free
1119,Nancy Castillo,56,Tonyaburgh,Free
1120,Kenneth Robinson,29,Joshuahaven,Premium
1121,Tara Owens,73,West Curtis,Premium
1122,George Perez,64,North Juliefort,Free
1123,Frances Hoffman,22,Marshchester,Free
1124,Erica James,43,East Michael,Free
1125,Karen Reed,79,Pagemouth,Free
1126,Marissa Woodard,56,New Derrickland,Premium
1127,Donald Pratt,46,Smithfurt,Premium
1128,Judith Larsen,61,Carlborough,Premium
1129,Adam Lucero,25,Kyliebury,Free
1130,Patrick Davis,71,Huffmanport,Free
1131,Ernest Hamilton,27,Port Joshua,Free
1132,Robert Knight,21,Lake Johnnyport,Premium
1133,Dr. Chad Parker,56,Rebeccahaven,Free
1134,James Cruz,54,Christianport,Premium
1135,Jessica Shepherd,61,Rebeccaburgh,Free
1136,Timothy Hernandez,43,Lake Margaretstad,Premium
1137,Nathaniel Stewart,74,South Johnny,Free
1138,Ricky Pierce,41,Youngmouth,Free
1139,Katelyn Obrien,28,South Krystalmouth,Premium
1140,Eugene Miller,64,Brianhaven,Free
1141,Matthew Chang,70,Campbellmouth,Premium
1142,Kim Wilson,40,North Michael,Premium
1143,Brian Farmer,79,Lake Jason,Premium
1144,Susan Peters,58,North Charlesstad,Free
1145,Brianna Bond,72,Laurenstad,Premium
1146,John Villegas,46,Johnfort,Free
1147,Samuel Nunez,66,New Monica,Free
1148,Wendy Kidd,69,Mcintyrefort,Free
1149,Marvin Dennis,60,Williamsfurt,Free
1150,Kenneth Martinez,48,North Matthewside,Premium
1151,Jonathan Collier,60,Lauriefort,Premium
1152,Haley Whitney,20,Lake Marc,Premium
1153,John York,51,Michelleport,Free
1154,Eileen Martinez,67,New Joelville,Premium
1155,Kevin Richardson,62,North Wayne,Free
1156,Erin Johnson,32,South Richard,Premium
1157,Jennifer Green,74,Jamesburgh,Free
1158,Laura Serrano,63,West Ronald,Free
1159,Toni Sanchez,23,Alexanderfurt,Free
1160,Leon Miller,42,Garciaview,Premium
1161,Elizabeth Richards,22,North Lauren,Premium
1162,Michael Houston,25,Brianberg,Premium
1163,Donna Rojas,79,Michaelfort,Premium
1164,Dana Owens,48,Ashleyborough,Free
1165,Jacqueline Carter,26,West Rebecca,Free
1166,Louis Mercer,59,Peterland,Premium
1167,Kelly Deleon,45,Weeksberg,Free
1168,Kimberly Peterson,69,Myersberg,Free
1169,James Butler,47,Morganborough,Premium
1170,Nicole Taylor,40,Sheppardstad,Free
1171,Erin Forbes,75,New Jeffrey,Premium
1172,Lisa Patterson,19,South Brian,Free
1173,Sheila Carroll,59,Port Christinaland,Free
1174,Tyler Smith,35,Port Taraland,Premium
1175,Thomas Price,59,Port Kristen,Free
1176,Daniel Leonard,70,Salasview,Free
1177,Johnny Schaefer,32,Gonzalezshire,Free
1178,Hannah Perry,52,New Melissa,Free
1179,Jason Lewis,18,Port Jon,Premium
1180,Anna Johnson,18,Lake Jamesville,Premium
1181,Michael Ramsey,44,Vaughnside,Premium
1182,Jennifer Short,57,Wilsonton,Free
1183,Robert Alvarado,37,Williamsville,Free
1184,Lisa Newman,40,South Andrea,Premium
1185,Emily Harris,61,North Katelynhaven,Free
1186,Andrea Coleman,40,North Wendy,Free
1187,Steven Williams,26,South Gary,Free
1188,Cody Hancock,28,Bennettmouth,Free
1189,Jeanne Nichols,57,Toddport,Premium
1190,Chase Jackson,71,Lake Ashleyfurt,Premium
1191,Kevin Rubio,57,South Paulchester,Premium
1192,Francisco Smith,28,East Jonathantown,Free
1193,Stefanie Campbell,49,Port Tinaside,Premium
1194,David King,47,Lake Todd,Free
1195,Dustin Blake,29,New Elaineberg,Premium
1196,Joseph Diaz,75,West Madeline,Premium
1197,Hannah Black,47,West Christopherland,Premium
1198,Christie Clark,18,Finleychester,Free
1199,Claire Martin,72,Barnesborough,Premium
1200,Richard George,34,North Jenniferview,Free
1201,Sandra Ryan,31,Russellview,Free
1202,Elizabeth Riley,26,South Carolynton,Premium
1203,Crystal Campbell,70,Dustinfurt,Free
1204,Veronica Johnson,58,Port Lindsay,Premium
1205,Brandi Adams,69,Port Nancy,Premium
1206,Russell Ramos,80,West Jamesport,Free
1207,George White,69,East Toddhaven,Free
1208,Earl Collins,36,North Vanessamouth,Premium
1209,Amy Levine,76,Howardborough,Free
1210,Laura Murray,68,Hamptonshire,Free
1211,William Wilson,58,Shannonmouth,Free
1212,Mary King,19,Port Patricia,Free
1213,Karen Evans,76,Port Michael,Free
1214,Tammy Anderson,40,Meyersport,Premium
1215,Stephanie Elliott,66,South Kelly,Premium
1216,Teresa Estrada,63,South Kelli,Premium
1217,Tyler Clark,58,South Christopher,Premium
1218,Christopher Rivera,64,Campbellland,Premium
1219,Jeffery Valencia,79,East Billy,Premium
1220,Sandra Cox,59,Lewishaven,Free
1221,Jodi Elliott,55,Lake Paulberg,Premium
1222,Stefanie Warren,80,Ayalatown,Free
1223,Patricia Cox,19,New Mistybury,Free
1224,Chelsea Johnson,53,Marisamouth,Free
1225,Kelly Reid,65,East Davefort,Free
1226,Miss Melissa Salazar MD,67,East Tina,Free
1227,Edward Chang,78,North Pamelaborough,Free
1228,Joseph Burton,58,Watsonton,Premium
1229,Hannah Holland,40,East Jessicahaven,Free
1230,Cheryl White,30,Nathanborough,Premium
1231,Christopher King,58,West April,Premium
1232,Christine Gordon,36,Erinmouth,Premium
1233,Connor Wolfe,41,Zacharybury,Premium
1234,Lisa Herman,59,Spencerhaven,Premium
1235,Deborah Rowe,36,Jonathanland,Free
1236,David Oconnell,40,Clarkburgh,Premium
1237,Brandon Roberts,38,Christinaville,Free
1238,Gabriel Brown,56,Alexanderton,Free
1239,Henry Mays,33,Comptonton,Free
1240,Christine Jones,34,North Mark,Free
1241,Chad Nguyen,73,North Austin,Premium
1242,Mark Campbell,27,Kimberlyshire,Free
1243,Dylan Jordan,68,Riveraborough,Premium
1244,Terry Robinson,64,New Matthew,Premium
1245,Tony Jenkins,57,Smithstad,Premium
1246,David Hunt,41,New Samuel,Premium
1247,Casey Sullivan,52,North Christophertown,Premium
1248,Kimberly Johnston,72,Lake Shannon,Premium
1249,Andrew Schmidt,24,Paulstad,Free
1250,Kristina Weber,49,Kramerfort,Premium
1251,Jennifer Jimenez,79,Robinsonfort,Free
1252,Paul Wiggins DVM,21,Brownbury,Free
1253,Carrie Potts,42,Mcguirefort,Free
1254,Margaret Robbins,77,Port Savannahmouth,Free
1255,Victoria Russell,31,East Edwardfurt,Premium
1256,Linda Pham,65,Stevenfurt,Premium
1257,Aaron Hughes,42,South Patriciamouth,Free
1258,Miranda Anderson,29,Thompsonbury,Premium
1259,Maxwell Meyers,24,Davidburgh,Free
1260,Mark Mccarthy,69,Porterburgh,Premium
1261,Bryan Patterson,34,Lake Lindahaven,Free
1262,Jonathan Stein,52,Maciasport,Free
1263,Bryan Lyons,38,Mccormicktown,Free
1264,Diana Morales,34,West Alisonbury,Premium
1265,David Harrell,47,Evansfort,Premium
1266,Vincent Rodriguez,76,New Derekstad,Free
1267,Thomas Mccarthy,76,East Valerieview,Premium
1268,James Manning,49,New Ricardo,Free
1269,Stephanie Ross,78,West Robynfort,Premium
1270,Heidi Harrington,30,Paynefort,Free
1271,Samantha West,72,New Rachelfort,Free
1272,Grace Hudson,63,Pattersonton,Free
1273,Victor Martinez,20,Elizabethmouth,Premium
1274,Daniel Harris,55,Roseshire,Premium
1275,Brandi Fischer,78,Zimmermanside,Free
1276,Sarah Dominguez,57,Hamptonside,Free
1277,Becky Holt,29,New Tinaview,Premium
1278,Michelle Diaz,43,Scotttown,Free
1279,Jason Perez,50,Bryanbury,Free
1280,Eric Chase,19,North Anthonyville,Free
1281,Heather White,21,East Christinemouth,Free
1282,Mrs. Stacey Campbell,18,Kruegerview,Premium
1283,Amber Robinson,71,New Kathy,Free
1284,Crystal Campos,67,East Jesse,Premium
1285,Walter Porter,39,West Nicholasmouth,Free
1286,Jose Walker,27,Baileyton,Premium
1287,Andrew Moore,55,East Maryview,Premium
1288,Charles Flores,69,South Rebeccamouth,Premium
1289,Emily Barber,71,Port Anthony,Free
1290,Nathan Morrison,43,Fosterburgh,Premium
1291,Elizabeth Richards,38,North Angelica,Premium
1292,Kathleen Le,66,Port Brenda,Free
1293,James Cobb,75,Port Sarah,Premium
1294,Russell Wade,46,Jasonborough,Premium
1295,Melissa Ellis,23,Lake Dorothybury,Free
1296,Diana Potter,45,Burkeborough,Free
1297,Victor Miller,42,Hardystad,Free
1298,Jacob Obrien,39,Patrickville,Premium
1299,Justin Martinez,61,Port Matthew,Free
1300,Amber Patton,45,North Eric,Premium
1301,Samuel Johnson,67,Paulchester,Free
1302,Jacqueline Shah,21,Matthewshire,Free
1303,Gary Watson,80,Lake Kaylaborough,Premium
1304,Chad Frank,67,North John,Premium
1305,Donald Trevino,75,Heatherview,Premium
1306,Kristina Ray,58,Port Michelle,Premium
1307,Sara Noble,43,Timothyborough,Premium
1308,Dr. Rebecca Rivera,23,Amandamouth,Premium
1309,Jessica Porter,58,Jennifershire,Premium
1310,Timothy Henderson,51,North Monicaborough,Premium
1311,Jennifer Johnson,63,South Michael,Free
1312,Michael Lyons,55,South Monicashire,Premium
1313,Stephen Mills,70,Dawnchester,Free
1314,Kevin Warren,36,Lake Richardfort,Premium
1315,Yolanda Parker,26,Gilbertbury,Premium
1316,Chelsea Hester,52,Michelleside,Free
1317,Ashley Ray,56,South Benjaminmouth,Free
1318,Danielle Garcia,51,Sarahside,Premium
1319,Calvin Wagner,48,Charlesfurt,Free
1320,William Kelley,69,New Patrick,Free
1321,Courtney Grant,18,New Savannahland,Premium
1322,Brandon Simpson,49,Fowlerville,Free
1323,Jane Harris,74,Lake Scottton,Premium
1324,Laura Tran,78,Hughesstad,Premium
1325,Charles Wall,80,Lake April,Free
1326,Alexandra Payne,26,Lynnborough,Premium
1327,Mr. Jacob Bonilla,44,South Jonathanstad,Premium
1328,Allison Le,64,Rogersville,Free
1329,Ronald Harding,60,South Matthew,Premium
1330,Candice Gordon,38,Westbury,Free
1331,Joshua Jones,21,East Katherinemouth,Premium
1332,Jessica Sanchez,21,Marybury,Free
1333,Sean Lucero,54,Krausemouth,Free
1334,Lauren Joseph,78,East Diana,Free
1335,Deborah Nguyen MD,27,North Tiffany,Free
1336,Samuel Logan,79,East Deborah,Premium
1337,John Peters,73,Brendastad,Free
1338,Joseph Alexander,25,Pinedahaven,Free
1339,Stephanie Watson,24,Tracyland,Premium
1340,Brandon Moore,40,Lake Sara,Premium
1341,Megan Arnold,78,Patriciaberg,Free
1342,Taylor Jacobson,63,New Lesliebury,Premium
1343,Michael Hawkins,60,New Lorimouth,Free
1344,Michele Scott,39,Ronaldside,Free
1345,Sarah Mathews,18,Floydport,Premium
1346,Christine Christian,36,East Michael,Premium
1347,Noah Forbes,68,Brendaside,Free
1348,Pedro Garrett Jr.,51,Julianland,Premium
1349,William Jacobs,75,Davisport,Free
1350,Rhonda Turner,78,Alvaradoshire,Free
1351,Brian Hobbs,21,Jacksonport,Premium
1352,Katrina Grimes,33,Daughertyland,Premium
1353,John Hess,74,Annetteburgh,Free
1354,Christopher Porter,75,South Melinda,Premium
1355,Marcus Dunlap,24,West Brianview,Free
1356,Jennifer Curry,71,Samuelmouth,Free
1357,David Taylor,57,North Josehaven,Free
1358,Amber Leon,56,South Johnmouth,Premium
1359,Linda Lamb,76,Barbarashire,Premium
1360,Russell Martinez,65,North Brittanyberg,Free
1361,Ashley Jefferson,69,Port Ethan,Premium
1362,Brandon Smith,80,Brownhaven,Premium
1363,Barbara Johnson,33,Parsonston,Premium
1364,Abigail Hall,52,Medinashire,Premium
1365,Shelby Yu,18,North Erica,Free
1366,Kimberly Patrick,45,Evansside,Free
1367,Raymond White,27,Grantton,Premium
1368,Mark Campos,45,Reynoldsmouth,Premium
1369,Joseph Smith,78,Patrickburgh,Free
1370,Rebecca Skinner,29,Collinsport,Premium
1371,Michael Carlson,44,Darrenland,Premium
1372,John Flores,52,Chavezland,Premium
1373,Michelle Moore,50,South Robert,Premium
1374,Michael Guerra,54,Kimberlystad,Premium
1375,Johnny Reese,61,Port Sarahburgh,Free
1376,Cynthia Rivera,51,North Catherine,Free
1377,Brittany Anderson,76,Kendrashire,Premium
1378,Sabrina Sexton,46,South Kyleview,Premium
1379,Michael Diaz,41,Heatherhaven,Free
1380,Crystal Ashley,57,Burgessshire,Premium
1381,Carolyn Lawrence,76,Lake Kristi,Free
1382,Ryan Smith,71,Christineborough,Free
1383,Dawn Graves,60,Lake Adamfort,Premium
1384,Cynthia Barnes,71,Johnsonfurt,Premium
1385,Courtney Rose,62,Wandastad,Premium
1386,John Garcia,42,New Alejandra,Premium
1387,Matthew Gomez,69,Howardland,Premium
1388,Alison Bates,63,Millerburgh,Premium
1389,Mr. Brad Baldwin,69,Teresamouth,Free
1390,Alexander Stewart,42,Luiston,Free
1391,Jason Hoffman,67,Lake Michael,Free
1392,Tyler Evans,46,South Lisa,Free
1393,Diana Johnson,28,North Jocelyntown,Free
1394,Jeffery Rose,56,New Don,Premium
1395,Karen Barr,25,Lake Jeremy,Premium
1396,Kevin Valdez,52,Thomasmouth,Premium
1397,Jonathan Miller,60,West Matthew,Free
1398,Joshua Burke,29,East Glenland,Premium
1399,Gabriel Green,37,East Beckyborough,Free
1400,Susan Evans,50,Michaelhaven,Premium
1401,Phillip Donaldson,24,Rogersmouth,Free
1402,Gregory Ramirez,57,New Elizabethhaven,Free
1403,David Neal,60,Erikafort,Premium
1404,Nicole Barnett,21,East Calvin,Premium
1405,Kevin Richardson,66,Aguirrefurt,Free
1406,Robert Williams,79,Fergusonchester,Premium
1407,Larry Baker,25,Joehaven,Premium
1408,Todd Graham,74,Randyland,Premium
1409,Scott Garcia,75,New Nicole,Premium
1410,Brittany Cox,61,Ramirezbury,Free
1411,John Snyder,45,Holmesport,Free
1412,Dr. Patricia Roach,36,Christopherport,Free
1413,Vincent Williamson,70,Angelicafurt,Free
1414,Daniel Rowe,22,North Adamchester,Premium
1415,Jason Taylor,51,Jodybury,Free
1416,Benjamin Lopez,62,South James,Premium
1417,Marilyn Oconnell,70,Walshchester,Free
1418,Brandon Aguirre MD,41,Snydermouth,Free
1419,Ethan Morales,30,Howardberg,Free
1420,Evelyn Rodriguez,35,South Carolport,Free
1421,Natalie Rogers,50,South Laurenside,Premium
1422,Mrs. Holly Sanchez,62,Maldonadoside,Free
1423,John Malone,67,Hinesfurt,Premium
1424,Shawn Taylor,39,Rachaelfort,Free
1425,Jessica Larson,41,New Karen,Free
1426,David Nelson,33,East Sarah,Free
1427,Eric Gonzalez,26,North Leeland,Free
1428,Michael Williams,36,Karenburgh,Premium
1429,Jeffrey Johnson,30,Michaelland,Premium
1430,Kenneth Williams,36,Smithbury,Premium
1431,Barbara Griffin,54,Hessview,Premium
1432,April Reid,27,Christianmouth,Premium
1433,Michele Drake,59,Peggyport,Premium
1434,Stacy Adams,75,East Andrea,Premium
1435,Michelle Roberts,49,New William,Premium
1436,Crystal Warren,34,North Michaelborough,Free
1437,Stanley Macdonald,68,Jessicachester,Premium
1438,Teresa Roberts,38,Tracytown,Free
1439,Paul Adams,39,South Alexa,Free
1440,Jessica Peters,43,East Danielside,Premium
1441,Ann Ramos,76,Williamschester,Free
1442,Kristin Schmidt,70,Ericville,Premium
1443,Brandon Henderson,63,Anthonyport,Premium
1444,Michael Juarez,40,Shortville,Free
1445,Sarah Williams,66,Timothymouth,Free
1446,Danielle Wells,34,South Bradley,Free
1447,Richard Livingston,23,Port Alexanderview,Free
1448,Stephanie Ramirez,42,West Travis,Premium
1449,Alexis Kim,63,Serranofurt,Premium
1450,Cassandra Baker,57,East Julieberg,Premium
1451,Valerie Dixon,61,Port Aliciafurt,Free
1452,Scott Newton,34,Whiteside,Premium
1453,Lisa Montgomery,57,West Adamburgh,Premium
1454,John Salazar,32,North Kimberlyborough,Premium
1455,Joshua Dean,27,Sharitown,Free
1456,Christopher Gutierrez,50,Deleonview,Free
1457,Rebecca Small,53,Gabrielleburgh,Free
1458,Shawn Mitchell,75,East Rachel,Premium
1459,Carol Hernandez,52,South Jessicaton,Premium
1460,Kyle Watson,19,West Robinside,Free
1461,Gabriella Davis,39,Cameronbury,Free
1462,Joanna Perez,48,East Tiffany,Premium
1463,Gary Jones,41,Lake Natalie,Premium
1464,Adam Doyle,20,Allisonshire,Premium
1465,Brenda Stevens,53,Port Angelaburgh,Premium
1466,Megan Noble,47,South Danielfurt,Premium
1467,Erin Gibbs,66,North Lanceside,Free
1468,Elizabeth Martinez,77,Emilyfort,Free
1469,Amanda Kim,23,South Elizabethburgh,Free
1470,Adam Gonzalez,70,Mariahville,Free
1471,Theresa Johnson,58,New Adamfort,Premium
1472,Brian Boyd,58,Loganfurt,Premium
1473,Tammy Carpenter,71,South Robert,Free
1474,Deborah Curtis,48,South Laura,Free
1475,Dr. Colin Richards,66,Port Leslie,Premium
1476,Nicholas Wolfe,55,Katherinebury,Premium
1477,Dr. Robert Clark,60,Lake Brenda,Free
1478,Daniel Bradford,56,West Bobbyfort,Free
1479,Brittany Chavez,56,Jerryside,Free
1480,Scott Robertson,62,Angelaland,Premium
1481,Zachary Davenport,43,Callahanchester,Free
1482,Mark Mitchell,65,Port Andrewmouth,Free
1483,John Jones,44,Monicaton,Free
1484,Jennifer Peterson,45,Rodneyberg,Premium
1485,Michelle Thompson,74,West Robertborough,Free
1486,Philip Wolfe,24,Andrewland,Free
1487,Mr. James Smith,36,Taylorchester,Free
1488,Jennifer Jefferson,34,East Karen,Premium
1489,Cassandra Brown,78,Port Brandyport,Free
1490,Jeffrey Wagner,38,Williamfort,Free
1491,Tonya Brandt,53,Cherryfort,Free
1492,Dr. Robert Bennett,79,Lake Johnstad,Premium
1493,Sierra Allison,65,West Gabriellemouth,Free
1494,John Smith,38,East Melissaport,Free
1495,George Fernandez,69,South Sandra,Premium
1496,Suzanne Campbell,43,Ryanmouth,Free
1497,Gabrielle Rivera,34,North Melissa,Free
1498,Kristin Taylor DDS,39,Port Charles,Premium
1499,Rebecca Thomas,54,Lauraview,Free
1500,Logan Burns,79,East David,Premium
1501,Joshua Payne,24,West Melinda,Free
1502,Thomas Jones,57,New Kenneth,Premium
1503,Amy Curry,27,Oliviamouth,Free
1504,Dr. Gabriella Webb,42,North Deanna,Premium
1505,Tim Rodriguez,64,Hayneschester,Premium
1506,Tracy Woodard,46,West Christinaberg,Premium
1507,Brenda Burgess,40,Nunezfurt,Free
1508,Christina Wright,46,Simpsonbury,Premium
1509,Scott Mckinney,29,East Alan,Free
1510,Michael Lopez,57,Cheryltown,Free
1511,Kelly Neal,64,Michelleberg,Premium
1512,Erica Woodward,33,Robertofurt,Premium
1513,Wesley Hill,60,Mayochester,Premium
1514,Sarah Baldwin,73,South Amber,Premium
1515,Jenna Mcmillan,55,East Hannahmouth,Premium
1516,Cynthia Jones,49,West Ashleyberg,Premium
1517,Sean Johnson,37,Gregoryfort,Premium
1518,Joshua Simmons,74,Ashleyport,Premium
1519,Mary Hurley,44,Kimtown,Free
1520,Joseph Reed,44,New Richard,Free
1521,Jane Simmons,72,New Martinland,Premium
1522,Victor Ryan,62,Grantborough,Premium
1523,Keith Williams,41,East Marcoland,Free
1524,David Robbins,49,North Keithfort,Premium
1525,Joseph Reid,53,South David,Free
1526,Dustin Haley,51,Carlsonshire,Free
1527,Erik Hancock,43,East Courtneychester,Premium
1528,Joshua Cohen,45,Brightside,Free
1529,Caleb Oliver,30,Johnsonberg,Free
1530,Matthew Hayes,72,Smithchester,Free
1531,Mary Carrillo,58,North Luisville,Free
1532,Natalie Graham,25,West Dana,Free
1533,Angie Jefferson,29,Port Debra,Premium
1534,Vanessa Johnson,72,Johnsonbury,Free
1535,Melissa Jones,42,Ericville,Premium
1536,Melissa Obrien,54,Beckyland,Free
1537,Nancy Lawrence,67,Lake Richard,Free
1538,Andrew Maldonado,64,Jasonhaven,Premium
1539,Elizabeth Rodriguez,74,Lambstad,Free
1540,Dennis Williamson,42,Philliptown,Premium
1541,Carl Roach,78,North Gary,Premium
1542,Casey Cherry,80,Curtismouth,Free
1543,Antonio Stokes,42,Port Roberthaven,Premium
1544,Jacqueline Payne,21,New Dan,Premium
1545,Sheila Adkins,69,Evanstad,Free
1546,Devin Sharp,28,Morrisshire,Free
1547,Carol Martinez,77,New Samuelfurt,Free
1548,Lauren Decker,72,Lake Elizabethland,Free
1549,Douglas Nicholson,42,North Luis,Premium
1550,Jonathan Mcpherson,48,West Patrick,Premium
1551,Luis Smith,25,South Michael,Premium
1552,Ariel Wyatt,63,Port Kristinaland,Premium
1553,Jaclyn Hudson,48,North Juan,Free
1554,Tracey Jones,34,Lambmouth,Premium
1555,Dr. Robert Kramer,66,West Janet,Free
1556,Travis Stuart,69,Fosterbury,Premium
1557,Kenneth Smith,44,Port Alan,Free
1558,Justin Adkins,67,Smithshire,Free
1559,Steven Ramirez,31,Mcintoshport,Free
1560,Jenny Heath,37,Lake Jasonport,Premium
1561,Julie Sanders,26,Toddshire,Free
1562,Kenneth Moore,31,Jonesland,Free
1563,Anthony Baldwin,23,North Saraton,Free
1564,Dr. Holly Watson,72,Carterton,Free
1565,Deborah Green,69,Delacruzmouth,Premium
1566,Lisa Orozco,41,Jasonville,Premium
1567,Cody Espinoza,80,Keithbury,Premium
1568,Katherine Lopez,75,Port Caseyshire,Free
1569,Peter Johnson,26,Wrightchester,Premium
1570,Joanna Johnson,21,Lake Zachary,Premium
1571,Rachel Smith,31,Rojasfurt,Premium
1572,James Delacruz,74,Donnaborough,Free
1573,Kevin Welch,40,South Amy,Free
1574,James Bradford,32,Ewingfurt,Free
1575,Timothy Khan,80,New Lindseymouth,Free
1576,Heidi Carter,63,Millerfurt,Free
1577,Deborah Mata,76,West Lindseybury,Free
1578,George Rojas,62,East Zachary,Premium
1579,Linda Raymond,78,Kevinland,Free
1580,Jessica Fry,19,Robertview,Premium
1581,Patricia Elliott,57,Sarahchester,Free
1582,David Thompson,44,Port Maria,Premium
1583,Katelyn Hamilton,29,Lake Yvonne,Premium
1584,Evan Simpson,38,South Cheryl,Free
1585,Patrick Riley,67,East Rebecca,Premium
1586,Robert Ferguson,59,Port Denise,Premium
1587,Kevin White,30,Amandachester,Free
1588,Daniel Harmon,19,Austinchester,Premium
1589,Nicholas Holmes,55,Port Patriciaberg,Premium
1590,Aaron Lee,67,South Jennifermouth,Free
1591,Michael Davidson,55,Dannyshire,Premium
1592,Stephanie Martin MD,41,East Katherineberg,Premium
1593,Lisa Banks,35,New Coryshire,Free
1594,Amanda Patterson,18,Lake Diane,Premium
1595,Adrienne Riley,74,Rogersport,Premium
1596,Brian Thompson,47,New Tyler,Premium
1597,Michelle Bean,68,Port Williamberg,Free
1598,Patricia Mcgrath,71,East Coltonstad,Free
1599,Megan Frank,57,Port Mark,Free
1600,Lisa Murray,22,East Kevinland,Premium
1601,Miranda Silva,22,Lake Christopher,Premium
1602,Jacob Mills,41,Lake Ashleyfort,Premium
1603,Mr. Jack Davis,28,Woodtown,Free
1604,Sheila Phillips,57,North Erica,Premium
1605,Hannah Frye MD,37,Angiemouth,Premium
1606,Connor Smith,52,Monroeside,Premium
1607,Sandy Stephens,72,Watersshire,Free
1608,Richard Hughes,24,Flowerston,Premium
1609,Lisa Jackson,60,East Emily,Premium
1610,Gary Miller,30,Amandafurt,Free
1611,John George,19,Deannabury,Free
1612,Kimberly Perkins,52,Taylorhaven,Free
1613,Jennifer Kelley,43,Lorihaven,Premium
1614,Jeremy Miller,57,Port Shelby,Premium
1615,Tiffany Brooks,66,Leahtown,Premium
1616,Dana Lynch,58,Lindsayburgh,Premium
1617,James Mann,33,West Laura,Premium
1618,Brandon Griffin,71,North Jeremychester,Free
1619,Michaela Hill,41,Kristinton,Premium
1620,Ryan Edwards,33,Tuckerstad,Premium
1621,Sydney Murphy,32,Emilyside,Premium
1622,Laurie Aguilar,67,West Sarah,Premium
1623,Mr. Jeremy Smith,35,North Hollyland,Premium
1624,Gloria Bradford,27,Norrisfurt,Premium
1625,Sarah Campos,66,New Elizabethborough,Free
1626,Joseph Walker,74,Jamesborough,Free
1627,Stephanie Schmidt,33,Jessicahaven,Free
1628,Patricia Murphy,65,Carriechester,Premium
1629,Donna Clarke,68,Port Jasonhaven,Free
1630,Laura Smith,59,East Joshuafurt,Free
1631,Felicia Brooks,53,New Emily,Free
1632,David Bell,74,West Samuel,Premium
1633,Joseph Gibson,24,Lake Jenny,Free
1634,Cynthia Ramos,36,Michaelmouth,Free
1635,Mark Smith,52,Kristinashire,Premium
1636,Christopher Taylor,72,Port David,Premium
1637,Jose Perez,32,North Alicia,Free
1638,Sean Johnson,28,New Derekport,Premium
1639,Joseph Pham,54,Davisshire,Free
1640,Cassidy Taylor,62,Lake Megan,Free
1641,Duane Adams,63,Lake David,Premium
1642,Joshua Vance,27,West Matthewborough,Premium
1643,Desiree Davis,55,North Gavinmouth,Free
1644,Victoria Suarez,22,Madisonborough,Free
1645,Anthony Lewis,43,Wesleyshire,Free
1646,Emily Sharp,18,South Ericshire,Free
1647,Erin Singh,45,New Veronicashire,Free
1648,Holly Wilkins,51,Lake Danielbury,Free
1649,Susan Allen,41,North Gary,Free
1650,Annette Hill,60,West Bryanberg,Premium
1651,Hannah Richardson,57,Lake Jeremiah,Free
1652,Dalton Macias,41,Thomasland,Free
1653,Brittany White,62,Port Maryfort,Free
1654,Bryan Wagner,78,Glennland,Premium
1655,Alejandro Adams,44,New Markchester,Free
1656,Lisa Gordon,20,Orozcoburgh,Premium
1657,Theresa Walters,75,West Roger,Free
1658,Heather Brown,35,Lake Heathermouth,Free
1659,Scott Rios,54,Andreastad,Free
1660,Cheryl Nguyen,63,East Angelafort,Premium
1661,Kristine Thomas,21,Moorehaven,Free
1662,Robert Williams,37,West Dylanland,Premium
1663,Kyle Lee,56,Sheliaburgh,Premium
1664,Alicia Garza,49,Whitemouth,Premium
1665,Joshua Gomez,68,Port Erinton,Premium
1666,Brian Pratt,36,Monicafurt,Free
1667,Robert Maldonado,77,Millerland,Free
1668,Holly Turner,57,Tranfurt,Free
1669,Renee Mitchell,39,North Frankland,Premium
1670,James Powell,26,Barberbury,Premium
1671,Michael Jackson,47,South Sarahport,Free
1672,Nicole Mathews,64,Port Ronaldfort,Premium
1673,Richard Johnson,79,Carrville,Premium
1674,Ralph Armstrong,67,Adamsfurt,Free
1675,Katie Benitez,49,Jeffreyfort,Premium
1676,James Delacruz,36,Lopezberg,Premium
1677,Jennifer Hill,23,West Valerieshire,Free
1678,Christopher Powers,41,Catherinebury,Free
1679,Melissa Riley,25,Reginaldberg,Premium
1680,Jessica Black,66,Elizabethmouth,Free
1681,Diana Jones,52,North Phyllisborough,Premium
1682,Jessica Ramirez,32,Sarahbury,Free
1683,Frank Jones,32,Lisamouth,Premium
1684,Brandon Huff,55,East Randyburgh,Premium
1685,Anthony Holmes,48,West Tiffanymouth,Premium
1686,Michelle Evans,58,Walshberg,Free
1687,Brandy Thomas,19,Port Matthewland,Premium
1688,Latoya Huynh,62,Port Charles,Free
1689,Tracy Nguyen,57,Moorefurt,Premium
1690,Jason Chaney,27,West Felicia,Premium
1691,Kimberly Moreno,51,Morrisonshire,Free
1692,Anthony Washington,61,South Zacharyberg,Free
1693,Roberto Fernandez,60,East Crystal,Free
1694,Kevin Howell,74,South Jeffrey,Free
1695,Jose Frederick,32,Hannahberg,Free
1696,Angela Rowe,76,South Ashleyview,Premium
1697,Amanda Parks,53,Victoriaburgh,Free
1698,Kyle Escobar DDS,41,Port Michael,Premium
1699,Katherine Roberts,61,South Timothy,Free
1700,Jennifer Herman,36,Allisonfort,Free
1701,Jeffery Rhodes,28,West Carolinehaven,Free
1702,Sarah Rubio,38,Burgessburgh,Premium
1703,Melissa Tran MD,50,South Anthonymouth,Free
1704,Mrs. Catherine Meyer,20,Stephensmouth,Free
1705,Hector Hayes,65,New Edwinside,Free
1706,Bobby Ramos,22,North Scott,Free
1707,Jill Brown MD,73,Port Daniel,Free
1708,Gregory Harris,66,East Beverlybury,Premium
1709,Karen Price,47,New Heatherhaven,Premium
1710,Ashley Perry,44,Rachelport,Free
1711,Stephanie Warren,33,Nicholasbury,Free
1712,Kimberly Woodard,56,Lake Jenniferberg,Premium
1713,Cheryl Nichols,76,Mannport,Premium
1714,Sarah Perry,41,Cassandrahaven,Premium
1715,Patricia Morrison,42,Shannonfort,Premium
1716,Mrs. Samantha Snyder,22,Parkerchester,Premium
1717,Corey Smith,55,North Alecton,Free
1718,Thomas Rice,28,Acostabury,Free
1719,Evan Pruitt,68,Woodwardchester,Premium
1720,Anthony Wiley,70,Rodriguezport,Free
1721,Zachary Williams,28,Derekbury,Free
1722,Amanda Arellano,74,Blakeland,Free
1723,Brittany Church,66,New Robertville,Premium
1724,Logan Anderson,21,Lorifort,Free
1725,Stephen Olsen,18,Hernandezfurt,Premium
1726,Erin Wright,62,North Matthewville,Free
1727,Amanda Edwards,70,West Danaport,Premium
1728,Suzanne Hoffman,56,East Amanda,Premium
1729,Denise Parker,62,Juliaton,Premium
1730,Timothy Ray,74,North Heather,Free
1731,Micheal Frazier,37,New Michaelhaven,Free
1732,Tamara Reilly,69,Lake Marcus,Premium
1733,Christopher Rich,65,Lewisbury,Premium
1734,Leslie Jimenez,42,Lake Brittanyhaven,Free
1735,Dominique Marshall,34,Chaneystad,Free
1736,Robert Davis,50,East Michael,Premium
1737,David Dunn,42,Port Virginiaborough,Premium
1738,Gregory Rosario,65,South Jesus,Free
1739,James Logan,37,Paulburgh,Free
1740,Robert Huang PhD,33,New Anthony,Free
1741,Anthony Webb,59,Ramosberg,Premium
1742,Danielle Maldonado,60,South Tyler,Free
1743,Lawrence Ramirez,43,North Juan,Premium
1744,Kaitlyn Coleman,43,Huynhland,Free
1745,Jose Manning,34,Wesleyland,Premium
1746,Martha Lam,37,Scotthaven,Premium
1747,Stephanie Ayers,36,Hardinburgh,Premium
1748,Erin Jenkins,21,East Stephanie,Free
1749,Joseph Ferguson,63,Lake Samuelview,Premium
1750,Elijah Sheppard MD,60,West Laurashire,Free
1751,Alyssa Cooper,47,Amberland,Free
1752,Tamara Stevenson,76,Port Kyle,Premium
1753,Barbara Morris,54,East Jeffrey,Premium
1754,Michelle Dickson,77,West Adam,Free
1755,Jessica Nguyen,31,Kristymouth,Free
1756,Nathan Walsh,60,South Christinaberg,Free
1757,Erika Tyler,48,New Alexismouth,Premium
1758,Angela Campos,21,Kellyview,Free
1759,Yvette Stanley,24,Lake Vincentstad,Premium
1760,Alex Gardner,76,New Glendaborough,Free
1761,Kari Christensen,77,Valenciahaven,Free
1762,Meghan Chung MD,64,Jamesshire,Free
1763,Samantha Davies,68,West Chelseafurt,Free
1764,Lisa Marsh,64,South Staceyville,Premium
1765,Brandon Curry,59,Andersonside,Free
1766,Derek Davis,42,Blakemouth,Free
1767,Lindsey Martin,65,Port Sherryfort,Free
1768,Andrew Miller,37,Port Karina,Premium
1769,Monica Todd,29,North Elizabeth,Free
1770,Patrick Knight,37,Codyberg,Free
1771,Nathaniel Davis,59,South Vanessachester,Premium
1772,Sarah Ramos,58,Patelchester,Free
1773,Eric Grimes,66,Johnstonmouth,Free
1774,Brian Schmidt,67,West Jenniferchester,Free
1775,Gary Hardin,50,Port Antonioberg,Premium
1776,Stephanie Hall,61,Tateburgh,Premium
1777,John Garcia,29,Kenttown,Premium
1778,Marie Hendricks,63,East Yvettechester,Premium
1779,Susan Parker,33,Sarahmouth,Premium
1780,Colleen Smith,28,Brownmouth,Premium
1781,Mary Hutchinson,51,Mooreburgh,Premium
1782,Stanley Sexton,76,Kennethtown,Premium
1783,Jeffrey Stokes,57,West Annastad,Premium
1784,Max Boyd,52,Lake Jason,Free
1785,Catherine Hansen,41,Mirandaview,Free
1786,Vanessa Kelly,46,North Christophermouth,Free
1787,Brian Russell,68,Amandaland,Free
1788,Lydia Donaldson,34,East Laurieland,Free
1789,Michael Wheeler,52,Valeriemouth,Premium
1790,Jacqueline Wright,35,East Loganville,Free
1791,Tonya Garner,51,Bennettfurt,Free
1792,Heather Scott,61,Amyborough,Free
1793,Andrew Stone,19,Ericside,Premium
1794,Alexis Lawrence,55,Myersberg,Premium
1795,Kayla Conway,42,South Barbaramouth,Premium
1796,Catherine Davis,58,New Ronaldmouth,Free
1797,Zachary Callahan,57,Lake Taylor,Premium
1798,Harold Morris,72,West Donna,Premium
1799,Mrs. Nicole Castillo,54,East Joseph,Premium
1800,Savannah Freeman,65,Lake Gregory,Free
1801,Sheri Camacho,56,Lake Joshua,Free
1802,Nina Haas,50,North Jennifer,Premium
1803,Alexis Soto,42,Welchtown,Premium
1804,William Sanders,24,Deborahside,Premium
1805,David Gonzales,78,South Daniel,Free
1806,Yvonne Carter,18,East Ashleymouth,Free
1807,Rachel Taylor,33,Ronaldberg,Free
1808,Paul Reed,43,Port Danielle,Premium
1809,Terry Lopez,57,Port Karinaborough,Premium
1810,Pamela Moore,23,Travisport,Premium
1811,Catherine Blevins,55,East Jonathan,Premium
1812,Katherine Fuller,78,Hernandezland,Premium
1813,Margaret Cruz,43,North Crystal,Premium
1814,Joshua Harvey,71,Madisonport,Free
1815,Haley Hendricks,36,Hillberg,Premium
1816,Dr. Frank Jones DDS,65,Ericville,Free
1817,Stephen Brown,67,Albertshire,Premium
1818,Patricia Bryant,26,Johnsonshire,Free
1819,Dawn Morales MD,73,Bowerston,Free
1820,Brandon Miller,41,Port Christinaburgh,Premium
1821,Alexander Robertson,70,Nicoleborough,Free
1822,Christopher White,23,Bradleystad,Free
1823,Melissa Vaughn,67,Rileyhaven,Free
1824,Alex Parks,49,South Kevinhaven,Free
1825,Kathryn Fox,46,Kleinton,Free
1826,Bryan Daniel,66,Jillborough,Premium
1827,Susan Fitzgerald,45,Scottfurt,Free
1828,Danielle Sherman,69,Meadowsburgh,Free
1829,Tara Jordan,57,Hammondchester,Premium
1830,Vanessa Freeman,52,Hunthaven,Premium
1831,Thomas Robbins,74,Port Kimberlychester,Free
1832,Austin Grant,48,North Williamside,Free
1833,Danielle Collins,31,South Connie,Premium
1834,Victoria Fuentes,31,South Christophermouth,Premium
1835,Lisa Fletcher,59,North Lesliestad,Premium
1836,Joseph Patton,26,North Amandastad,Free
1837,Adriana Norton,26,Guzmanchester,Premium
1838,Chloe Spencer,45,Patelmouth,Premium
1839,Robert Wiggins,43,Davidchester,Free
1840,Linda Wiley,27,Cynthiaport,Free
1841,William Beck,34,Robinsonview,Premium
1842,Brian Brooks,40,Schmidthaven,Premium
1843,Julia Collins,36,New Patrick,Free
1844,Corey Hughes,46,Port Emilyfurt,Premium
1845,Michele Fox,49,Cynthiafort,Free
1846,Bruce Craig,36,Port Kristineside,Free
1847,Theodore Pham,58,Haleymouth,Free
1848,Thomas Stone,44,New Barbarachester,Free
1849,Victoria Morgan,70,Bethshire,Free
1850,Ann Morgan,22,Mirandafort,Premium
1851,Brandon Young,26,Laurietown,Premium
1852,Kimberly Sanchez,40,Marquezmouth,Free
1853,Jordan Hudson PhD,21,New Jonathan,Free
1854,Stephen Brown,56,North Benjamin,Free
1855,Loretta Brooks,54,East Felicia,Free
1856,Jennifer Martinez,36,Port Curtisville,Premium
1857,Ashley Curtis,52,Port Brittanyville,Premium
1858,Melissa Wiley,44,Riversport,Premium
1859,James Stewart,21,Lake Sheryl,Premium
1860,Danielle George,49,Poolefurt,Premium
1861,Katie Smith,19,West Jeffrey,Free
1862,Karen Kelly,32,North Thomas,Free
1863,Betty Jones,18,Lorimouth,Free
1864,Joseph Williams DVM,56,Chambersberg,Premium
1865,Christopher Williams,25,New Lorraine,Premium
1866,Danielle Edwards,50,Maryland,Free
1867,Mary Murray,60,Mccoyburgh,Premium
1868,Lawrence Gibson,31,Nicholeburgh,Free
1869,Kelly Kennedy,36,Cordovastad,Free
1870,Teresa Kennedy,78,Oliviamouth,Premium
1871,Paul Doyle,61,Michaelfurt,Free
1872,Andrew Pierce,29,Walkerside,Premium
1873,David Bright,40,Meganmouth,Free
1874,Shannon Wright,23,Ramosview,Free
1875,Brian Thompson,50,South Stanley,Free
1876,Christopher Richards,76,Jasonborough,Free
1877,Elizabeth Thomas,53,Mauriceland,Premium
1878,Michael Sellers,56,South Susan,Premium
1879,Erika Hamilton,50,New Georgemouth,Free
1880,Kevin Mooney,37,Phillipschester,Free
1881,Valerie Stevens,42,Brooketown,Premium
1882,Amy Reyes,53,Parkerburgh,Premium
1883,Wayne Kaufman,63,Fosterfurt,Free
1884,Michael Banks,80,North Robert,Premium
1885,Adrian Miller,46,North Kennethfurt,Free
1886,Teresa Smith,40,South Larry,Free
1887,Sarah Morris,50,North Theresachester,Premium
1888,Pamela Bass,26,Rossmouth,Free
1889,Andrew Peters,57,Garnerborough,Free
1890,Jeffrey Rivera,32,Maynardstad,Premium
1891,Jeffrey Cantrell,46,Brianatown,Premium
1892,Whitney Willis,29,Port Sara,Premium
1893,John Horne,79,South Victor,Free
1894,Joshua Armstrong,71,Robinsonfurt,Premium
1895,Stephen Miller,51,South Marioland,Premium
1896,Lisa Ramos,57,West Jeffrey,Free
1897,Adam Lopez,78,South Melissa,Free
1898,Nicole White,27,New Phillipville,Premium
1899,James Mcdaniel,79,Lake Loriport,Premium
1900,Kelly Dickerson,74,North Mark,Free
1901,Crystal Butler,77,East Elizabethchester,Premium
1902,Melissa Donovan,54,South Christopher,Free
1903,Dean Myers,51,Margaretside,Premium
1904,Sarah Diaz,35,New Cassandra,Premium
1905,Jennifer Tran,31,South Robert,Free
1906,Patricia Wright,66,Rodriguezport,Free
1907,Teresa Williams,38,Johnmouth,Free
1908,Andrew Ritter,78,South Dan,Free
1909,Jade Newman,42,Karenside,Premium
1910,Calvin Mitchell,59,Timothyshire,Premium
1911,Nicholas Diaz MD,34,West Jessica,Free
1912,Leslie Sandoval,26,West Jonathonborough,Free
1913,Matthew Burgess,36,South Stephanie,Free
1914,Kimberly Davis,25,Lake Juliaburgh,Free
1915,Mr. Gregory Chang,53,Bushland,Premium
1916,Gordon Mcconnell,67,New Michaelburgh,Free
1917,Ashley Rodriguez,65,North Tony,Free
1918,Billy Combs,70,South Anthony,Premium
1919,Arthur Williams,29,Flowersmouth,Free
1920,April Lam,29,Alanmouth,Premium
1921,Kelly Black,66,East Jacqueline,Free
1922,Rebecca Foster,33,West Taylor,Free
1923,Thomas Wells,24,East Cynthiamouth,Free
1924,Christopher Cruz,70,Christinechester,Free
1925,Lynn Flores,33,Sandersbury,Free
1926,Ricky Hudson,23,South Wandaton,Premium
1927,Jessica Newton,41,Rothside,Free
1928,Christopher Martinez,29,West Tiffany,Free
1929,Jennifer Becker,68,North Bethanyburgh,Premium
1930,Daniel Wallace,67,Shannonport,Free
1931,John Evans,52,South Elizabeth,Premium
1932,Miss Joanna Williams,72,Freemanside,Free
1933,Paul Roberts,80,East Angelport,Premium
1934,Kayla Mcfarland,28,Lake Adam,Free
1935,Melissa Williams,73,Port Nathanielchester,Premium
1936,Colton Price,24,Ryanview,Premium
1937,James Jones,78,North Rebecca,Premium
1938,Tracy Rodriguez,41,Richardsonburgh,Premium
1939,Kyle Andrade,58,South Angela,Premium
1940,Monica Moody,69,North Paul,Premium
1941,Dr. Derek Bass Jr.,57,Sergioton,Free
1942,Leslie Price,68,New Sarahstad,Free
1943,Martin Rivera,70,Port Lauratown,Free
1944,Roy Bernard,59,Riveramouth,Free
1945,Alexis Williamson,19,New Bryan,Free
1946,Gordon Allen,31,New Aprilstad,Free
1947,Jill Taylor,46,Wilsonmouth,Premium
1948,Amy Campbell,46,Lake Brandon,Premium
1949,Michelle Bean,48,Port Madelinechester,Free
1950,Jordan Crawford,49,West Jacquelineburgh,Premium
1951,Marc Curtis,56,West Abigail,Free
1952,Kenneth Odom,73,South Brendanstad,Free
1953,Michael Jenkins,62,East Eric,Premium
1954,Katelyn Reynolds,64,Santosside,Premium
1955,Christopher Jones,24,New Michaelchester,Premium
1956,Rachel Carr,26,Rachaelmouth,Premium
1957,Judith Gomez,62,West Ivanburgh,Premium
1958,John Woods,66,West Teresa,Premium
1959,Daniel Trevino,42,Amandafort,Free
1960,Kenneth Singleton,19,Teresaberg,Free
1961,David Pearson,70,Marilynland,Free
1962,Laura Powell,43,Jerryland,Premium
1963,Katrina Flynn,58,Hernandezport,Free
1964,Phillip Brock,65,Davidbury,Premium
1965,Jessica Mills,76,Port Jason,Free
1966,Dustin Payne,31,Port Michael,Premium
1967,Cory Burton,50,Hurstfort,Free
1968,Jonathan Johnson,45,West Michael,Free
1969,Courtney Cruz,80,South Heather,Premium
1970,Kathleen Grant,76,Griffinhaven,Free
1971,Anita Young,35,South Andrewhaven,Free
1972,Susan Coleman,65,South Jessicafurt,Free
1973,Loretta Peterson,71,Madisontown,Premium
1974,Robert Huang,78,South Stephanieland,Premium
1975,Julia Duffy,43,Julieview,Free
1976,Victoria Blair,52,North Susanberg,Free
1977,Michael Garcia,20,Lake Petermouth,Premium
1978,Jonathan Ellis,37,Torresmouth,Free
1979,Laura Herrera,34,Taratown,Free
1980,Mr. Patrick Adams,49,Lake Diamond,Free
1981,Angela Wilson,72,Peckbury,Premium
1982,Jacob Ellis,70,Saraville,Premium
1983,Amber Payne,80,Lake Shelbyside,Premium
1984,Sara Gutierrez,27,Kylefort,Free
1985,Tammy Cook,31,South Amandafort,Premium
1986,Joseph Ware III,21,West Heather,Free
1987,Elizabeth Osborn,39,North Mary,Free
1988,Rhonda Parsons,78,Port Elizabethmouth,Premium
1989,Amanda Coleman,19,Port Kristin,Free
1990,Frances Hebert,43,Nicholsontown,Premium
1991,Edwin Peterson,77,Lake Edwardstad,Free
1992,William Preston,59,New Erinville,Premium
1993,Kristopher Anderson,51,North Andrewbury,Premium
1994,Brenda Love,49,West Roy,Free
1995,Scott Hopkins,73,East Allenview,Free
1996,Jeffrey Graham,79,New Christopherchester,Premium
1997,Adam Anderson,30,Robertaberg,Premium
1998,Selena Miller,22,East Sherry,Premium
1999,Mr. Melvin Finley,61,South Barryburgh,Free
2000,Chloe Holmes,70,Darrylton,Free
